pcode,domain,depth,complexity,difficulty,error,answer
0,"[('실수와 허수', '복소수', '허수와 복소수')]",3,1,34,0,2
1,"[('경우의 수', '경우의 수', '경우의 수')]",3,1,65,0,2
2,"[('방정식과 부등식', '최대와 최소', '제한된 범위에서의 최대와 최소')]",3,1,57,0,1
3,"[('다항식', '인수분해', '인수분해의 기본 공식')]",3,1,32,0,2
4,"[('실수와 허수', '실수', '무리수가 서로 같을 조건')]",3,1,50,0,3
5,"[('집합과 명제', '집합의 연산법칙', '유한집합의 원소의 개수')]",3,1,37,0,3
6,"[('도형의 방정식', '원의 방정식', '두 원의 위치 관계')]",3,1,43,0,4
7,"[('함수', '무리함수의 그래프', '무리식')]",3,1,32,0,1
8,"[('실수와 허수', '실수', '제곱근, 세제곱근과 그 연산')]",3,1,6,0,2
9,"[('방정식과 부등식', '삼차방정식과 사차방정식', '삼차방정식의 근과 계수의 관계')]",3,1,24,0,1
10,"[('함수', '무리함수의 그래프', '무리함수의 그래프')]",3,1,18,0,2
11,"[('다항식', '항등식과 미정계수', '항등식의 성질과 미정계수법')]",3,1,31,0,4
12,"[('방정식과 부등식', '일차부등식과 연립일차부등식', '부등식의 성질과 일차부등식의 해법')]",3,1,5,0,2
13,"[('집합과 명제', '명제와 조건', '충분조건, 필요조건')]",3,1,54,0,4
14,"[('다항식', '항등식과 미정계수', '다항식의 나눗셈과 항등식')]",3,1,54,0,3
15,"[('도형의 방정식', '원의 방정식', '원과 직선의 위치 관계')]",3,1,7,0,1
16,"[('집합과 명제', '명제의 증명', '명제의 증명')]",3,1,15,0,4
17,"[('집합과 명제', '명제의 증명', '명제의 증명')]",3,1,35,0,4
18,"[('방정식과 부등식', '일차, 이차방정식', '일차방정식의 해법'), ('함수', '합성함수와 역함수', '역함수'), ('실수와 허수', '실수', '정수의 분류')]",3,3,40,0,2
19,"[('다항식', '인수분해', '기본 공식의 활용')]",3,1,27,0,4
20,"[('함수', '다항함수의 그래프', '일차함수의 그래프')]",3,1,12,0,1
21,"[('실수와 허수', '실수', '무리수가 서로 같을 조건'), ('경우의 수', '순열과 조합', '순열'), ('방정식과 부등식', '삼차방정식과 사차방정식', '삼차방정식의 근과 계수의 관계')]",3,3,40,0,2
22,"[('실수와 허수', '실수', '무리수가 서로 같을 조건')]",3,1,9,0,1
23,"[('실수와 허수', '실수', '정수의 분류')]",3,1,26,0,3
24,"[('다항식', '나머지 정리', '인수정리와 고차식의 인수분해'), ('경우의 수', '경우의 수', '경우의 수')]",3,2,59,0,2
25,"[('방정식과 부등식', '일차, 이차방정식', '이차방정식의 해법')]",3,1,38,0,4
26,"[('방정식과 부등식', '이차방정식의 근과 계수의 관계', '이차방정식의 정수근')]",3,1,47,0,2
27,"[('방정식과 부등식', '이차방정식의 판별식', '판별식의 활용')]",3,1,58,0,4
28,"[('함수', '무리함수의 그래프', '무리함수의 그래프')]",3,1,8,0,1
29,"[('경우의 수', '경우의 수', '경우의 수')]",3,1,48,0,2
30,"[('집합과 명제', '명제의 증명', '절대부등식의 증명')]",3,1,6,0,2
31,"[('도형의 방정식', '직선의 방정식', '직선의 방정식')]",3,1,35,0,2
32,"[('도형의 방정식', '평면좌표', '선분의 내분점과 외분점')]",3,1,48,0,1
33,"[('방정식과 부등식', '최대와 최소', '판별식을 이용하는 최대와 최소')]",3,1,46,0,2
34,"[('다항식', '항등식과 미정계수', '다항식의 나눗셈과 항등식')]",3,1,28,0,3
35,"[('집합과 명제', '집합의 연산법칙', '집합의 연산법칙')]",3,1,22,0,1
36,"[('방정식과 부등식', '이차방정식의 판별식', '이차방정식의 판별식')]",3,1,7,0,1
37,"[('집합과 명제', '집합의 연산법칙', '유한집합의 원소의 개수')]",3,1,26,0,2
38,"[('함수', '함수', '함수'), ('다항식', '항등식과 미정계수', '항등식의 성질과 미정계수법')]",3,2,35,0,4
39,"[('경우의 수', '경우의 수', '경우의 수'), ('방정식과 부등식', '이차방정식의 근과 계수의 관계', '이차방정식의 실근의 부호')]",3,2,69,0,3
40,"[('방정식과 부등식', '이차부등식과 연립이차부등식', '이차부등식의 해법')]",3,1,24,0,1
41,"[('경우의 수', '경우의 수', '경우의 수')]",3,1,54,0,4
42,"[('함수', '함수', '함수의 그래프')]",3,1,7,0,4
43,"[('함수', '함수', '일대일대응')]",3,1,19,0,4
44,"[('다항식', '항등식과 미정계수', '다항식의 나눗셈과 항등식'), ('실수와 허수', '실수', '실수'), ('집합과 명제', '집합', '집합과 원소')]",3,3,69,0,4
45,"[('방정식과 부등식', '최대와 최소', '제한된 범위에서의 최대와 최소')]",3,1,17,0,3
46,"[('방정식과 부등식', '일차부등식과 연립일차부등식', '여러 가지 부등식'), ('함수', '무리함수의 그래프', '무리함수의 그래프'), ('실수와 허수', '실수', '제곱근, 세제곱근과 그 연산')]",3,3,54,0,3
47,"[('실수와 허수', '복소수', '허수와 복소수')]",3,1,56,0,4
48,"[('집합과 명제', '명제와 조건', '명제와 조건')]",3,1,42,0,1
49,"[('방정식과 부등식', '이차부등식과 연립이차부등식', '이차부등식의 해법'), ('경우의 수', '경우의 수', '경우의 수'), ('도형의 방정식', '평면좌표', '선분의 내분점과 외분점')]",3,3,72,0,2
50,"[('경우의 수', '순열과 조합', '조합'), ('실수와 허수', '복소수', '복소수의 연산')]",3,2,63,0,2
51,"[('다항식', '나머지 정리', '나머지 정리')]",3,1,64,0,3
52,"[('다항식', '나머지 정리', '나머지 정리')]",3,1,39,0,4
53,"[('함수', '합성함수와 역함수', '합성함수')]",3,1,61,0,1
54,"[('실수와 허수', '복소수', '복소수의 연산')]",3,1,60,0,2
55,"[('방정식과 부등식', '이차방정식과 이차함수', '이차방정식과 이차함수의 관계')]",3,1,34,0,1
56,"[('실수와 허수', '복소수', '복소수의 연산')]",3,1,61,0,4
57,"[('집합과 명제', '집합', '집합과 원소')]",3,1,52,0,4
58,"[('집합과 명제', '집합의 연산법칙', '집합의 연산법칙')]",3,1,28,0,4
59,"[('함수', '무리함수의 그래프', '무리함수의 그래프')]",3,1,61,0,1
60,"[('도형의 방정식', '직선의 방정식', '자취 문제(직선)'), ('방정식과 부등식', '이차방정식의 근과 계수의 관계', '이차방정식의 정수근'), ('실수와 허수', '실수', '실수')]",3,3,69,0,2
61,"[('함수', '다항함수의 그래프', '이차함수의 그래프'), ('다항식', '인수분해', '인수분해의 기본 공식')]",3,2,41,0,2
62,"[('경우의 수', '경우의 수', '경우의 수'), ('실수와 허수', '실수', '정수의 분류'), ('도형의 방정식', '원의 방정식', '자취 문제(원)')]",3,3,47,0,3
63,"[('경우의 수', '경우의 수', '경우의 수'), ('집합과 명제', '집합의 연산법칙', '유한집합의 원소의 개수')]",3,2,33,0,4
64,"[('도형의 방정식', '평면좌표', '두 점 사이의 거리'), ('집합과 명제', '명제의 증명', '절대부등식의 활용')]",3,2,68,0,1
65,"[('경우의 수', '순열과 조합', '조합')]",3,1,42,0,4
66,"[('도형의 방정식', '직선의 방정식', '점과 직선 사이의 거리')]",3,1,26,0,2
67,"[('실수와 허수', '실수', '무리수가 서로 같을 조건')]",3,1,6,0,2
68,"[('집합과 명제', '집합의 연산법칙', '집합의 연산법칙')]",3,1,24,0,3
69,"[('방정식과 부등식', '이차부등식과 연립이차부등식', '연립이차부등식의 해법')]",3,1,21,0,4
70,"[('경우의 수', '순열과 조합', '조합')]",3,1,49,0,2
71,"[('도형의 방정식', '직선의 방정식', '자취 문제(직선)'), ('도형의 방정식', '직선의 방정식', '방정식의 그래프')]",3,2,55,0,3
72,"[('경우의 수', '순열과 조합', '순열'), ('경우의 수', '순열과 조합', '조합'), ('집합과 명제', '명제와 조건', '충분조건, 필요조건')]",3,3,42,0,2
73,"[('함수', '함수', '함수의 그래프')]",3,1,15,0,2
74,"[('실수와 허수', '실수', '무리수가 서로 같을 조건')]",3,1,43,0,2
75,"[('경우의 수', '경우의 수', '경우의 수'), ('다항식', '나머지 정리', '나머지 정리')]",3,2,68,0,1
76,"[('다항식', '항등식과 미정계수', '항등식의 성질과 미정계수법')]",3,1,7,0,4
77,"[('집합과 명제', '집합의 연산법칙', '집합의 연산법칙'), ('다항식', '다항식의 연산', '다항식의 곱셈, 나눗셈'), ('집합과 명제', '집합', '합집합, 교집합, 여집합, 차집합')]",3,3,57,0,4
78,"[('실수와 허수', '복소수', '허수와 복소수')]",3,1,55,0,3
79,"[('방정식과 부등식', '일차부등식과 연립일차부등식', '부등식의 성질과 일차부등식의 해법')]",3,1,61,0,1
80,"[('경우의 수', '순열과 조합', '조합'), ('방정식과 부등식', '삼차방정식과 사차방정식', '삼차방정식과 사차방정식의 해법'), ('경우의 수', '순열과 조합', '순열')]",3,3,85,0,1
81,"[('경우의 수', '경우의 수', '경우의 수')]",3,1,11,0,2
82,"[('함수', '무리함수의 그래프', '무리함수의 그래프')]",3,1,5,0,4
83,"[('실수와 허수', '실수', '제곱근, 세제곱근과 그 연산')]",3,1,64,0,3
84,"[('함수', '유리함수의 그래프', '유리식')]",3,1,23,0,2
85,"[('도형의 방정식', '도형의 이동', '평행이동')]",3,1,53,0,2
86,"[('다항식', '항등식과 미정계수', '다항식의 나눗셈과 항등식')]",3,1,45,0,3
87,"[('도형의 방정식', '직선의 방정식', '점과 직선 사이의 거리')]",3,1,24,0,1
88,"[('다항식', '인수분해', '다항식의 최대공약수와 최소공배수')]",3,1,20,0,2
89,"[('다항식', '항등식과 미정계수', '다항식의 나눗셈과 항등식'), ('경우의 수', '순열과 조합', '조합'), ('실수와 허수', '복소수', '허수와 복소수')]",3,3,74,0,4
90,"[('다항식', '나머지 정리', '인수정리와 고차식의 인수분해'), ('도형의 방정식', '도형의 이동', '평행이동'), ('경우의 수', '순열과 조합', '조합')]",3,3,58,0,3
91,"[('다항식', '다항식의 연산', '다항식의 정리')]",3,1,53,0,4
92,"[('경우의 수', '순열과 조합', '순열')]",3,1,30,0,3
93,"[('집합과 명제', '집합', '집합과 원소')]",3,1,9,0,2
94,"[('도형의 방정식', '직선의 방정식', '자취 문제(직선)')]",3,1,13,0,3
95,"[('함수', '다항함수의 그래프', '간단한 삼차함수의 그래프')]",3,1,53,0,1
96,"[('경우의 수', '순열과 조합', '조합')]",3,1,56,0,2
97,"[('방정식과 부등식', '이차방정식과 이차함수', '이차방정식과 이차함수의 관계')]",3,1,6,0,4
98,"[('다항식', '다항식의 연산', '다항식의 곱셈, 나눗셈')]",3,1,12,0,4
99,"[('경우의 수', '경우의 수', '경우의 수')]",3,1,18,0,2
100,"[('방정식과 부등식', '이차방정식의 판별식', '판별식의 활용')]",3,1,31,0,3
101,"[('방정식과 부등식', '삼차방정식과 사차방정식', '삼차방정식의 근과 계수의 관계'), ('집합과 명제', '명제와 조건', '명제와 조건'), ('경우의 수', '경우의 수', '경우의 수')]",3,3,45,0,4
102,"[('실수와 허수', '복소수', '복소수의 연산')]",3,1,65,0,4
103,"[('실수와 허수', '복소수', '복소수의 연산')]",3,1,61,0,2
104,"[('함수', '다항함수의 그래프', '절댓값 기호가 있는 방정식의 그래프'), ('도형의 방정식', '도형의 이동', '평행이동'), ('도형의 방정식', '원의 방정식', '두 원의 위치 관계')]",3,3,64,0,2
105,"[('집합과 명제', '명제와 조건', '충분조건, 필요조건')]",3,1,29,0,2
106,"[('다항식', '인수분해', '기본 공식의 활용')]",3,1,25,0,3
107,"[('경우의 수', '순열과 조합', '순열'), ('함수', '합성함수와 역함수', '합성함수'), ('집합과 명제', '명제와 조건', '충분조건, 필요조건')]",3,3,47,0,3
108,"[('실수와 허수', '실수', '실수')]",3,1,63,0,2
109,"[('집합과 명제', '집합의 연산법칙', '유한집합의 원소의 개수')]",3,1,46,0,3
110,"[('도형의 방정식', '원의 방정식', '원의 방정식')]",3,1,47,0,2
111,"[('실수와 허수', '복소수', '허수와 복소수')]",3,1,65,0,4
112,"[('집합과 명제', '집합의 연산법칙', '집합의 연산법칙')]",3,1,19,0,4
113,"[('도형의 방정식', '도형의 이동', '대칭이동'), ('방정식과 부등식', '일차부등식과 연립일차부등식', '여러 가지 부등식'), ('도형의 방정식', '직선의 방정식', '자취 문제(직선)')]",3,3,45,0,1
114,"[('도형의 방정식', '직선의 방정식', '직선의 방정식')]",3,1,36,0,4
115,"[('도형의 방정식', '직선의 방정식', '직선의 방정식')]",3,1,25,0,4
116,"[('경우의 수', '경우의 수', '경우의 수')]",3,1,26,0,4
117,"[('방정식과 부등식', '일차, 이차방정식', '일차방정식의 해법')]",3,1,23,0,4
118,"[('방정식과 부등식', '최대와 최소', '제한된 범위에서의 최대와 최소'), ('집합과 명제', '집합', '합집합, 교집합, 여집합, 차집합')]",3,2,53,0,4
119,"[('함수', '다항함수의 그래프', '이차함수의 그래프')]",3,1,62,0,2
120,"[('방정식과 부등식', '삼차방정식과 사차방정식', '삼차방정식과 사차방정식의 해법')]",3,1,33,0,2
121,"[('방정식과 부등식', '연립방정식', '공통근')]",3,1,34,0,3
122,"[('실수와 허수', '복소수', '복소수의 연산'), ('실수와 허수', '복소수', '복소수의 연산'), ('다항식', '다항식의 연산', '다항식의 덧셈, 뺄셈')]",3,3,81,0,3
123,"[('경우의 수', '경우의 수', '경우의 수')]",3,1,14,0,2
124,"[('집합과 명제', '명제의 증명', '절대부등식의 증명')]",3,1,56,0,3
125,"[('함수', '무리함수의 그래프', '무리식')]",3,1,44,0,3
126,"[('방정식과 부등식', '연립방정식', '부정방정식')]",3,1,34,0,2
127,"[('집합과 명제', '집합의 연산법칙', '유한집합의 원소의 개수')]",3,1,29,0,2
128,"[('실수와 허수', '복소수', '허수와 복소수')]",3,1,45,0,3
129,"[('방정식과 부등식', '일차부등식과 연립일차부등식', '연립일차부등식의 해법'), ('방정식과 부등식', '이차방정식의 근과 계수의 관계', '이차방정식의 근과 계수의 관계'), ('도형의 방정식', '평면좌표', '좌표와 자취')]",3,3,62,0,1
130,"[('실수와 허수', '실수', '정수의 분류')]",3,1,62,0,1
131,"[('실수와 허수', '복소수', '복소수의 연산')]",3,1,8,0,2
132,"[('집합과 명제', '집합의 연산법칙', '집합의 연산법칙')]",3,1,15,0,4
133,"[('실수와 허수', '복소수', '허수와 복소수')]",3,1,62,0,3
134,"[('다항식', '항등식과 미정계수', '항등식의 성질과 미정계수법'), ('함수', '함수', '일대일대응')]",3,2,52,0,2
135,"[('다항식', '다항식의 연산', '곱셈공식')]",3,1,35,0,4
136,"[('방정식과 부등식', '이차방정식의 판별식', '이차방정식의 판별식')]",3,1,27,0,3
137,"[('경우의 수', '순열과 조합', '순열'), ('실수와 허수', '실수', '제곱근, 세제곱근과 그 연산')]",3,2,38,0,3
138,"[('다항식', '다항식의 연산', '다항식의 덧셈, 뺄셈'), ('다항식', '항등식과 미정계수', '다항식의 나눗셈과 항등식'), ('경우의 수', '순열과 조합', '조합')]",3,3,77,0,2
139,"[('집합과 명제', '집합', '집합과 원소'), ('다항식', '나머지 정리', '나머지 정리'), ('집합과 명제', '집합', '집합의 포함 관계')]",3,3,80,0,1
140,"[('경우의 수', '순열과 조합', '순열')]",3,1,7,0,2
141,"[('집합과 명제', '집합', '집합의 포함 관계')]",3,1,50,0,4
142,"[('실수와 허수', '실수', '정수의 분류')]",3,1,32,0,2
143,"[('도형의 방정식', '직선의 방정식', '자취 문제(직선)')]",3,1,26,0,2
144,"[('방정식과 부등식', '최대와 최소', '판별식을 이용하는 최대와 최소')]",3,1,47,0,4
145,"[('다항식', '나머지 정리', '나머지 정리'), ('함수', '유리함수의 그래프', '유리식'), ('함수', '다항함수의 그래프', '일차함수의 그래프')]",3,3,82,0,2
146,"[('함수', '다항함수의 그래프', '이차함수의 그래프')]",3,1,18,0,2
147,"[('다항식', '인수분해', '기본 공식의 활용')]",3,1,6,0,4
148,"[('경우의 수', '순열과 조합', '순열')]",3,1,15,0,4
149,"[('경우의 수', '경우의 수', '경우의 수')]",3,1,8,0,1
150,"[('경우의 수', '순열과 조합', '순열'), ('방정식과 부등식', '연립방정식', '연립일차방정식의 해법')]",3,2,22,0,3
151,"[('경우의 수', '순열과 조합', '순열')]",3,1,11,0,4
152,"[('함수', '유리함수의 그래프', '유리식')]",3,1,35,0,3
153,"[('경우의 수', '순열과 조합', '조합'), ('도형의 방정식', '원의 방정식', '원의 방정식'), ('도형의 방정식', '직선의 방정식', '정점을 지나는 직선')]",3,3,57,0,1
154,"[('방정식과 부등식', '최대와 최소', '제한된 범위에서의 최대와 최소'), ('실수와 허수', '복소수', '복소수의 연산'), ('다항식', '다항식의 연산', '다항식의 정리')]",3,3,82,0,3
155,"[('도형의 방정식', '평면좌표', '두 점 사이의 거리')]",3,1,32,0,1
156,"[('다항식', '항등식과 미정계수', '항등식의 성질과 미정계수법')]",3,1,35,0,4
157,"[('실수와 허수', '실수', '실수')]",3,1,25,0,3
158,"[('집합과 명제', '집합의 연산법칙', '집합의 연산법칙'), ('함수', '무리함수의 그래프', '무리함수의 그래프'), ('실수와 허수', '실수', '실수')]",3,3,63,0,4
159,"[('다항식', '인수분해', '인수분해의 기본 공식'), ('집합과 명제', '명제와 조건', '명제의 역과 대우'), ('방정식과 부등식', '이차방정식의 근과 계수의 관계', '이차방정식의 실근의 부호')]",3,3,57,0,2
160,"[('방정식과 부등식', '일차, 이차방정식', '일차방정식의 해법')]",3,1,24,0,2
161,"[('도형의 방정식', '평면좌표', '좌표와 자취'), ('함수', '다항함수의 그래프', '이차함수의 그래프')]",3,2,27,0,4
162,"[('실수와 허수', '복소수', '허수와 복소수')]",3,1,8,0,2
163,"[('함수', '유리함수의 그래프', '유리함수의 그래프')]",3,1,45,0,4
164,"[('집합과 명제', '명제와 조건', '충분조건, 필요조건')]",3,1,41,0,3
165,"[('도형의 방정식', '원의 방정식', '원의 방정식'), ('다항식', '인수분해', '다항식의 최대공약수와 최소공배수'), ('다항식', '인수분해', '인수분해의 기본 공식')]",3,3,69,0,1
166,"[('경우의 수', '경우의 수', '경우의 수')]",3,1,16,0,4
167,"[('함수', '무리함수의 그래프', '무리식')]",3,1,16,0,4
168,"[('방정식과 부등식', '일차부등식과 연립일차부등식', '여러 가지 부등식')]",3,1,62,0,1
169,"[('함수', '합성함수와 역함수', '역함수')]",3,1,50,0,2
170,"[('집합과 명제', '명제와 조건', '명제와 조건')]",3,1,54,0,1
171,"[('경우의 수', '경우의 수', '경우의 수'), ('실수와 허수', '실수', '정수의 분류'), ('함수', '합성함수와 역함수', '역함수')]",3,3,42,0,1
172,"[('실수와 허수', '복소수', '복소수의 연산')]",3,1,45,0,1
173,"[('다항식', '항등식과 미정계수', '항등식의 성질과 미정계수법')]",3,1,30,0,2
174,"[('방정식과 부등식', '최대와 최소', '판별식을 이용하는 최대와 최소')]",3,1,10,0,1
175,"[('함수', '함수', '함수')]",3,1,13,0,4
176,"[('경우의 수', '경우의 수', '경우의 수')]",3,1,7,0,2
177,"[('실수와 허수', '실수', '정수의 분류')]",3,1,19,0,2
178,"[('실수와 허수', '복소수', '허수와 복소수')]",3,1,37,0,3
179,"[('집합과 명제', '명제의 증명', '명제의 증명'), ('도형의 방정식', '도형의 이동', '대칭이동')]",3,2,29,0,4
180,"[('실수와 허수', '실수', '정수의 분류')]",3,1,18,0,1
181,"[('실수와 허수', '실수', '실수')]",3,1,26,0,3
182,"[('다항식', '나머지 정리', '인수정리와 고차식의 인수분해'), ('다항식', '나머지 정리', '나머지 정리'), ('방정식과 부등식', '이차방정식과 이차함수', '포물선과 직선의 위치 관계')]",3,3,47,0,4
183,"[('다항식', '항등식과 미정계수', '다항식의 나눗셈과 항등식')]",3,1,35,0,3
184,"[('집합과 명제', '집합', '집합의 포함 관계')]",3,1,61,0,4
185,"[('실수와 허수', '실수', '실수'), ('집합과 명제', '집합의 연산법칙', '집합의 연산법칙')]",3,2,37,0,3
186,"[('함수', '무리함수의 그래프', '무리함수의 그래프')]",3,1,39,0,4
187,"[('경우의 수', '순열과 조합', '순열')]",3,1,55,0,2
188,"[('방정식과 부등식', '이차방정식의 근과 계수의 관계', '이차방정식의 실근의 부호')]",3,1,46,0,1
189,"[('함수', '다항함수의 그래프', '일차함수의 그래프')]",3,1,25,0,2
190,"[('실수와 허수', '실수', '제곱근, 세제곱근과 그 연산')]",3,1,60,0,2
191,"[('도형의 방정식', '평면좌표', '좌표와 자취')]",3,1,6,0,2
192,"[('다항식', '인수분해', '기본 공식의 활용')]",3,1,17,0,1
193,"[('함수', '합성함수와 역함수', '합성함수')]",3,1,59,0,3
194,"[('방정식과 부등식', '일차부등식과 연립일차부등식', '연립일차부등식의 해법')]",3,1,31,0,1
195,"[('방정식과 부등식', '이차방정식의 근과 계수의 관계', '이차방정식의 실근의 부호')]",3,1,25,0,3
196,"[('방정식과 부등식', '최대와 최소', '이차함수의 최대와 최소')]",3,1,63,0,4
197,"[('경우의 수', '순열과 조합', '순열'), ('도형의 방정식', '원의 방정식', '원과 직선의 위치 관계'), ('집합과 명제', '명제의 증명', '절대부등식의 활용')]",3,3,85,0,3
198,"[('실수와 허수', '복소수', '복소수의 연산')]",3,1,8,0,3
199,"[('함수', '유리함수의 그래프', '유리식')]",3,1,59,0,4
200,"[('도형의 방정식', '원의 방정식', '원의 방정식'), ('함수', '함수', '함수'), ('실수와 허수', '실수', '정수의 분류')]",3,3,45,0,4
201,"[('실수와 허수', '실수', '제곱근, 세제곱근과 그 연산')]",3,1,33,0,4
202,"[('함수', '다항함수의 그래프', '이차함수의 그래프')]",3,1,20,0,4
203,"[('실수와 허수', '실수', '정수의 분류')]",3,1,52,0,1
204,"[('실수와 허수', '복소수', '복소수의 연산')]",3,1,34,0,1
205,"[('집합과 명제', '명제와 조건', '명제와 조건')]",3,1,52,0,3
206,"[('집합과 명제', '명제와 조건', '충분조건, 필요조건')]",3,1,15,0,4
207,"[('경우의 수', '순열과 조합', '순열')]",3,1,40,0,3
208,"[('함수', '합성함수와 역함수', '역함수'), ('도형의 방정식', '원의 방정식', '원과 직선의 위치 관계'), ('다항식', '나머지 정리', '인수정리와 고차식의 인수분해')]",3,3,79,0,1
209,"[('실수와 허수', '실수', '실수')]",3,1,46,0,1
210,"[('경우의 수', '경우의 수', '경우의 수')]",3,1,5,0,2
211,"[('경우의 수', '경우의 수', '경우의 수')]",3,1,32,0,1
212,"[('다항식', '나머지 정리', '나머지 정리')]",3,1,42,0,4
213,"[('도형의 방정식', '원의 방정식', '두 원의 위치 관계')]",3,1,27,0,4
214,"[('집합과 명제', '명제와 조건', '명제의 역과 대우')]",3,1,17,0,4
215,"[('방정식과 부등식', '이차방정식의 근과 계수의 관계', '이차방정식의 정수근')]",3,1,38,0,2
216,"[('실수와 허수', '복소수', '복소수의 연산')]",3,1,57,0,1
217,"[('집합과 명제', '집합의 연산법칙', '유한집합의 원소의 개수')]",3,1,17,0,1
218,"[('함수', '유리함수의 그래프', '유리식')]",3,1,32,0,4
219,"[('함수', '다항함수의 그래프', '이차함수의 그래프')]",3,1,41,0,3
220,"[('방정식과 부등식', '이차부등식과 연립이차부등식', '연립이차부등식의 해법')]",3,1,6,0,4
221,"[('경우의 수', '순열과 조합', '순열')]",3,1,21,0,2
222,"[('집합과 명제', '명제와 조건', '명제의 역과 대우')]",3,1,22,0,3
223,"[('다항식', '다항식의 연산', '곱셈공식')]",3,1,14,0,1
224,"[('방정식과 부등식', '연립방정식', '연립일차방정식의 해법')]",3,1,14,0,4
225,"[('함수', '합성함수와 역함수', '역함수')]",3,1,39,0,4
226,"[('집합과 명제', '집합의 연산법칙', '집합의 연산법칙')]",3,1,49,0,3
227,"[('도형의 방정식', '직선의 방정식', '점과 직선 사이의 거리')]",3,1,45,0,3
228,"[('도형의 방정식', '원의 방정식', '원과 직선의 위치 관계')]",3,1,37,0,3
229,"[('도형의 방정식', '도형의 이동', '평행이동')]",3,1,31,0,4
230,"[('실수와 허수', '복소수', '허수와 복소수')]",3,1,15,0,4
231,"[('다항식', '항등식과 미정계수', '항등식의 성질과 미정계수법')]",3,1,64,0,2
232,"[('경우의 수', '경우의 수', '경우의 수')]",3,1,12,0,1
233,"[('집합과 명제', '명제의 증명', '명제의 증명')]",3,1,20,0,1
234,"[('함수', '무리함수의 그래프', '무리식')]",3,1,57,0,4
235,"[('함수', '유리함수의 그래프', '유리함수의 그래프')]",3,1,38,0,1
236,"[('도형의 방정식', '직선의 방정식', '자취 문제(직선)')]",3,1,62,0,3
237,"[('함수', '함수', '함수의 그래프')]",3,1,44,0,4
238,"[('경우의 수', '순열과 조합', '순열'), ('방정식과 부등식', '일차부등식과 연립일차부등식', '부등식의 성질과 일차부등식의 해법'), ('방정식과 부등식', '삼차방정식과 사차방정식', '삼차방정식과 사차방정식의 해법')]",3,3,78,0,4
239,"[('다항식', '다항식의 연산', '곱셈공식')]",3,1,47,0,2
240,"[('다항식', '다항식의 연산', '곱셈공식')]",3,1,56,0,3
241,"[('다항식', '다항식의 연산', '다항식의 곱셈, 나눗셈')]",3,1,36,0,4
242,"[('실수와 허수', '복소수', '허수와 복소수')]",3,1,6,0,4
243,"[('다항식', '다항식의 연산', '다항식의 덧셈, 뺄셈')]",3,1,6,0,3
244,"[('집합과 명제', '명제와 조건', '충분조건, 필요조건')]",3,1,52,0,4
245,"[('함수', '무리함수의 그래프', '무리식')]",3,1,65,0,1
246,"[('경우의 수', '순열과 조합', '조합')]",3,1,23,0,2
247,"[('방정식과 부등식', '이차방정식의 근과 계수의 관계', '이차방정식의 근과 계수의 관계')]",3,1,12,0,2
248,"[('방정식과 부등식', '일차부등식과 연립일차부등식', '부등식의 성질과 일차부등식의 해법')]",3,1,28,0,4
249,"[('다항식', '나머지 정리', '나머지 정리')]",3,1,62,0,1
250,"[('다항식', '나머지 정리', '인수정리와 고차식의 인수분해'), ('함수', '함수', '함수의 그래프'), ('함수', '합성함수와 역함수', '역함수')]",3,3,68,0,3
251,"[('다항식', '항등식과 미정계수', '다항식의 나눗셈과 항등식')]",3,1,31,0,4
252,"[('집합과 명제', '명제와 조건', '충분조건, 필요조건')]",3,1,24,0,4
253,"[('경우의 수', '순열과 조합', '조합'), ('함수', '유리함수의 그래프', '유리식')]",3,2,40,0,1
254,"[('함수', '다항함수의 그래프', '이차함수의 그래프')]",3,1,48,0,3
255,"[('도형의 방정식', '도형의 이동', '대칭이동')]",3,1,65,0,4
256,"[('집합과 명제', '명제의 증명', '절대부등식의 활용'), ('경우의 수', '경우의 수', '경우의 수'), ('다항식', '항등식과 미정계수', '다항식의 나눗셈과 항등식')]",3,3,61,0,4
257,"[('경우의 수', '순열과 조합', '조합')]",3,1,40,0,1
258,"[('함수', '무리함수의 그래프', '무리식')]",3,1,38,0,3
259,"[('방정식과 부등식', '연립방정식', '부정방정식')]",3,1,35,0,1
260,"[('집합과 명제', '집합', '집합과 원소'), ('함수', '무리함수의 그래프', '무리식')]",3,2,72,0,4
261,"[('함수', '유리함수의 그래프', '유리식'), ('집합과 명제', '집합', '합집합, 교집합, 여집합, 차집합')]",3,2,49,0,1
262,"[('실수와 허수', '실수', '정수의 분류')]",3,1,17,0,4
263,"[('다항식', '인수분해', '인수분해의 기본 공식')]",3,1,7,0,2
264,"[('집합과 명제', '명제와 조건', '충분조건, 필요조건'), ('실수와 허수', '실수', '제곱근, 세제곱근과 그 연산')]",3,2,61,0,3
265,"[('함수', '함수', '함수의 그래프')]",3,1,23,0,2
266,"[('함수', '다항함수의 그래프', '절댓값 기호가 있는 방정식의 그래프')]",3,1,26,0,3
267,"[('도형의 방정식', '직선의 방정식', '정점을 지나는 직선')]",3,1,14,0,3
268,"[('경우의 수', '순열과 조합', '조합'), ('집합과 명제', '명제의 증명', '절대부등식의 활용'), ('방정식과 부등식', '최대와 최소', '이차함수의 최대와 최소')]",3,3,77,0,4
269,"[('함수', '무리함수의 그래프', '무리식')]",3,1,39,0,3
270,"[('함수', '유리함수의 그래프', '유리함수의 그래프')]",3,1,65,0,3
271,"[('실수와 허수', '복소수', '복소수의 연산')]",3,1,6,0,4
272,"[('방정식과 부등식', '이차방정식과 이차함수', '이차방정식의 근의 분리')]",3,1,45,0,1
273,"[('함수', '무리함수의 그래프', '무리식')]",3,1,9,0,4
274,"[('실수와 허수', '실수', '무리수가 서로 같을 조건')]",3,1,17,0,4
275,"[('경우의 수', '경우의 수', '경우의 수')]",3,1,47,0,4
276,"[('함수', '함수', '함수의 그래프')]",3,1,48,0,1
277,"[('실수와 허수', '복소수', '허수와 복소수'), ('집합과 명제', '명제의 증명', '절대부등식의 활용')]",3,2,29,0,3
278,"[('함수', '유리함수의 그래프', '유리식'), ('함수', '무리함수의 그래프', '무리함수의 그래프')]",3,2,72,0,4
279,"[('다항식', '나머지 정리', '인수정리와 고차식의 인수분해')]",3,1,19,0,4
280,"[('방정식과 부등식', '이차방정식의 판별식', '이차방정식의 판별식')]",3,1,6,0,1
281,"[('실수와 허수', '실수', '제곱근, 세제곱근과 그 연산')]",3,1,64,0,2
282,"[('집합과 명제', '명제와 조건', '명제의 역과 대우'), ('다항식', '항등식과 미정계수', '다항식의 나눗셈과 항등식')]",3,2,25,0,3
283,"[('방정식과 부등식', '일차, 이차방정식', '이차방정식의 해법'), ('집합과 명제', '집합의 연산법칙', '집합의 연산법칙')]",3,2,61,0,1
284,"[('경우의 수', '경우의 수', '경우의 수')]",3,1,57,0,2
285,"[('도형의 방정식', '직선의 방정식', '방정식의 그래프')]",3,1,52,0,4
286,"[('함수', '유리함수의 그래프', '유리식'), ('실수와 허수', '복소수', '복소수의 연산'), ('방정식과 부등식', '연립방정식', '연립일차방정식의 해법')]",3,3,42,0,3
287,"[('다항식', '나머지 정리', '나머지 정리')]",3,1,11,0,3
288,"[('집합과 명제', '집합의 연산법칙', '유한집합의 원소의 개수'), ('방정식과 부등식', '이차방정식의 근과 계수의 관계', '이차방정식의 정수근'), ('다항식', '다항식의 연산', '다항식의 곱셈, 나눗셈')]",3,3,61,0,4
289,"[('도형의 방정식', '직선의 방정식', '정점을 지나는 직선')]",3,1,48,0,2
290,"[('경우의 수', '경우의 수', '경우의 수')]",3,1,17,0,3
291,"[('실수와 허수', '복소수', '허수와 복소수')]",3,1,8,0,4
292,"[('함수', '무리함수의 그래프', '무리식')]",3,1,36,0,3
293,"[('함수', '유리함수의 그래프', '유리식')]",3,1,32,0,4
294,"[('방정식과 부등식', '이차방정식의 근과 계수의 관계', '이차방정식의 근과 계수의 관계')]",3,1,37,0,3
295,"[('다항식', '인수분해', '다항식의 최대공약수와 최소공배수')]",3,1,53,0,3
296,"[('방정식과 부등식', '삼차방정식과 사차방정식', '삼차방정식의 근과 계수의 관계')]",3,1,26,0,3
297,"[('실수와 허수', '실수', '실수')]",3,1,34,0,4
298,"[('함수', '무리함수의 그래프', '무리함수의 그래프')]",3,1,25,0,1
299,"[('다항식', '나머지 정리', '나머지 정리')]",3,1,7,0,2
300,"[('함수', '유리함수의 그래프', '유리식')]",3,1,37,0,1
301,"[('도형의 방정식', '직선의 방정식', '두 직선의 위치 관계')]",3,1,55,0,3
302,"[('다항식', '다항식의 연산', '다항식의 곱셈, 나눗셈')]",3,1,21,0,2
303,"[('방정식과 부등식', '이차방정식의 판별식', '이차방정식의 판별식')]",3,1,37,0,2
304,"[('실수와 허수', '복소수', '복소수의 연산')]",3,1,53,0,3
305,"[('집합과 명제', '집합', '합집합, 교집합, 여집합, 차집합')]",3,1,13,0,1
306,"[('방정식과 부등식', '이차방정식의 근과 계수의 관계', '이차방정식의 근과 계수의 관계')]",3,1,49,0,3
307,"[('방정식과 부등식', '이차방정식의 판별식', '이차방정식의 판별식')]",3,1,54,0,3
308,"[('방정식과 부등식', '일차부등식과 연립일차부등식', '여러 가지 부등식')]",3,1,20,0,2
309,"[('경우의 수', '경우의 수', '경우의 수')]",3,1,60,0,4
310,"[('방정식과 부등식', '일차부등식과 연립일차부등식', '부등식의 성질과 일차부등식의 해법')]",3,1,37,0,1
311,"[('도형의 방정식', '직선의 방정식', '두 직선의 위치 관계'), ('다항식', '다항식의 연산', '다항식의 정리')]",3,2,25,0,4
312,"[('실수와 허수', '실수', '실수')]",3,1,12,0,4
313,"[('집합과 명제', '명제의 증명', '명제의 증명')]",3,1,55,0,1
314,"[('함수', '함수', '함수')]",3,1,58,0,2
315,"[('경우의 수', '경우의 수', '경우의 수')]",3,1,62,0,3
316,"[('경우의 수', '경우의 수', '경우의 수')]",3,1,34,0,3
317,"[('함수', '무리함수의 그래프', '무리함수의 그래프')]",3,1,17,0,2
318,"[('집합과 명제', '집합의 연산법칙', '유한집합의 원소의 개수'), ('함수', '유리함수의 그래프', '유리함수의 그래프')]",3,2,73,0,2
319,"[('실수와 허수', '복소수', '복소수의 연산')]",3,1,5,0,3
320,"[('도형의 방정식', '도형의 이동', '평행이동')]",3,1,41,0,1
321,"[('다항식', '인수분해', '인수분해의 기본 공식')]",3,1,32,0,4
322,"[('집합과 명제', '명제와 조건', '명제와 조건')]",3,1,38,0,3
323,"[('다항식', '항등식과 미정계수', '항등식의 성질과 미정계수법')]",3,1,15,0,1
324,"[('집합과 명제', '명제와 조건', '명제와 조건')]",3,1,37,0,1
325,"[('집합과 명제', '집합의 연산법칙', '유한집합의 원소의 개수')]",3,1,41,0,3
326,"[('방정식과 부등식', '이차부등식과 연립이차부등식', '이차부등식의 해법')]",3,1,21,0,3
327,"[('경우의 수', '경우의 수', '경우의 수'), ('도형의 방정식', '도형의 이동', '평행이동'), ('함수', '합성함수와 역함수', '합성함수')]",3,3,60,0,4
328,"[('집합과 명제', '집합의 연산법칙', '유한집합의 원소의 개수')]",3,1,30,0,1
329,"[('방정식과 부등식', '이차방정식과 이차함수', '포물선과 직선의 위치 관계')]",3,1,40,0,4
330,"[('함수', '무리함수의 그래프', '무리식')]",3,1,12,0,3
331,"[('경우의 수', '순열과 조합', '순열'), ('함수', '합성함수와 역함수', '합성함수')]",3,2,63,0,1
332,"[('함수', '무리함수의 그래프', '무리식')]",3,1,61,0,1
333,"[('도형의 방정식', '평면좌표', '좌표와 자취')]",3,1,14,0,1
334,"[('집합과 명제', '집합', '집합과 원소')]",3,1,23,0,3
335,"[('집합과 명제', '명제의 증명', '절대부등식의 활용'), ('경우의 수', '경우의 수', '경우의 수'), ('다항식', '다항식의 연산', '다항식의 곱셈, 나눗셈')]",3,3,74,0,3
336,"[('실수와 허수', '복소수', '허수와 복소수')]",3,1,26,0,4
337,"[('실수와 허수', '실수', '무리수가 서로 같을 조건')]",3,1,39,0,3
338,"[('함수', '무리함수의 그래프', '무리식')]",3,1,20,0,2
339,"[('함수', '유리함수의 그래프', '유리함수의 그래프')]",3,1,30,0,2
340,"[('함수', '함수', '함수')]",3,1,19,0,2
341,"[('도형의 방정식', '직선의 방정식', '두 직선의 위치 관계')]",3,1,63,0,3
342,"[('방정식과 부등식', '일차부등식과 연립일차부등식', '부등식의 성질과 일차부등식의 해법')]",3,1,53,0,4
343,"[('실수와 허수', '복소수', '허수와 복소수')]",3,1,10,0,1
344,"[('도형의 방정식', '평면좌표', '좌표와 자취'), ('함수', '다항함수의 그래프', '절댓값 기호가 있는 방정식의 그래프')]",3,2,64,0,1
345,"[('다항식', '나머지 정리', '인수정리와 고차식의 인수분해')]",3,1,12,0,4
346,"[('도형의 방정식', '원의 방정식', '두 원의 위치 관계')]",3,1,13,0,1
347,"[('도형의 방정식', '원의 방정식', '자취 문제(원)')]",3,1,31,0,3
348,"[('도형의 방정식', '원의 방정식', '두 원의 위치 관계')]",3,1,16,0,2
349,"[('방정식과 부등식', '삼차방정식과 사차방정식', '삼차방정식과 사차방정식의 해법')]",3,1,52,0,3
350,"[('집합과 명제', '명제와 조건', '명제와 조건')]",3,1,64,0,1
351,"[('경우의 수', '순열과 조합', '조합')]",3,1,52,0,3
352,"[('방정식과 부등식', '이차방정식의 판별식', '판별식의 활용')]",3,1,57,0,3
353,"[('도형의 방정식', '평면좌표', '두 점 사이의 거리')]",3,1,40,0,3
354,"[('방정식과 부등식', '이차방정식과 이차함수', '포물선과 직선의 위치 관계')]",3,1,65,0,4
355,"[('방정식과 부등식', '최대와 최소', '판별식을 이용하는 최대와 최소')]",3,1,59,0,2
356,"[('집합과 명제', '명제와 조건', '명제의 역과 대우'), ('방정식과 부등식', '삼차방정식과 사차방정식', '삼차방정식과 사차방정식의 해법'), ('다항식', '항등식과 미정계수', '항등식의 성질과 미정계수법')]",3,3,82,0,1
357,"[('함수', '함수', '함수')]",3,1,60,0,4
358,"[('경우의 수', '순열과 조합', '조합')]",3,1,29,0,2
359,"[('실수와 허수', '실수', '정수의 분류'), ('실수와 허수', '복소수', '허수와 복소수'), ('실수와 허수', '실수', '제곱근, 세제곱근과 그 연산')]",3,3,61,0,3
360,"[('방정식과 부등식', '삼차방정식과 사차방정식', '삼차방정식과 사차방정식의 해법')]",3,1,11,0,1
361,"[('경우의 수', '순열과 조합', '순열')]",3,1,64,0,1
362,"[('실수와 허수', '실수', '실수')]",3,1,44,0,2
363,"[('경우의 수', '경우의 수', '경우의 수')]",3,1,33,0,3
364,"[('방정식과 부등식', '일차부등식과 연립일차부등식', '연립일차부등식의 해법')]",3,1,30,0,1
365,"[('다항식', '항등식과 미정계수', '항등식의 성질과 미정계수법')]",3,1,65,0,4
366,"[('다항식', '인수분해', '기본 공식의 활용')]",3,1,35,0,2
367,"[('경우의 수', '경우의 수', '경우의 수')]",3,1,20,0,3
368,"[('다항식', '인수분해', '다항식의 최대공약수와 최소공배수'), ('방정식과 부등식', '일차, 이차방정식', '이차방정식의 해법')]",3,2,27,0,4
369,"[('함수', '함수', '일대일대응')]",3,1,32,0,4
370,"[('집합과 명제', '명제와 조건', '명제와 조건'), ('방정식과 부등식', '이차방정식의 판별식', '이차방정식의 판별식'), ('경우의 수', '순열과 조합', '조합')]",3,3,68,0,2
371,"[('함수', '무리함수의 그래프', '무리식')]",3,1,29,0,1
372,"[('도형의 방정식', '직선의 방정식', '자취 문제(직선)'), ('다항식', '인수분해', '다항식의 최대공약수와 최소공배수'), ('도형의 방정식', '원의 방정식', '원의 방정식')]",3,3,47,0,3
373,"[('방정식과 부등식', '이차방정식과 이차함수', '이차방정식과 이차함수의 관계')]",3,1,35,0,2
374,"[('도형의 방정식', '도형의 이동', '평행이동'), ('방정식과 부등식', '최대와 최소', '이차함수의 최대와 최소'), ('방정식과 부등식', '연립방정식', '연립일차방정식의 해법')]",3,3,78,0,4
375,"[('실수와 허수', '복소수', '허수와 복소수')]",3,1,62,0,4
376,"[('도형의 방정식', '도형의 이동', '평행이동')]",3,1,62,0,2
377,"[('경우의 수', '경우의 수', '경우의 수')]",3,1,51,0,2
378,"[('함수', '유리함수의 그래프', '유리식')]",3,1,61,0,2
379,"[('도형의 방정식', '도형의 이동', '평행이동')]",3,1,12,0,3
380,"[('집합과 명제', '명제의 증명', '절대부등식의 활용'), ('실수와 허수', '복소수', '복소수의 연산'), ('함수', '다항함수의 그래프', '간단한 삼차함수의 그래프')]",3,3,69,0,4
381,"[('실수와 허수', '실수', '실수')]",3,1,22,0,3
382,"[('다항식', '인수분해', '기본 공식의 활용'), ('실수와 허수', '복소수', '허수와 복소수')]",3,2,59,0,4
383,"[('방정식과 부등식', '이차방정식의 근과 계수의 관계', '이차방정식의 정수근'), ('경우의 수', '경우의 수', '경우의 수'), ('도형의 방정식', '직선의 방정식', '방정식의 그래프')]",3,3,84,0,4
384,"[('다항식', '다항식의 연산', '다항식의 덧셈, 뺄셈')]",3,1,33,0,2
385,"[('방정식과 부등식', '일차, 이차방정식', '일차방정식의 해법')]",3,1,37,0,1
386,"[('도형의 방정식', '원의 방정식', '원과 직선의 위치 관계')]",3,1,23,0,1
387,"[('다항식', '인수분해', '기본 공식의 활용'), ('다항식', '나머지 정리', '인수정리와 고차식의 인수분해')]",3,2,75,0,1
388,"[('다항식', '항등식과 미정계수', '다항식의 나눗셈과 항등식')]",3,1,20,0,4
389,"[('경우의 수', '경우의 수', '경우의 수')]",3,1,55,0,4
390,"[('방정식과 부등식', '일차, 이차방정식', '이차방정식의 해법')]",3,1,37,0,2
391,"[('집합과 명제', '명제의 증명', '명제의 증명')]",3,1,33,0,3
392,"[('함수', '유리함수의 그래프', '유리함수의 그래프')]",3,1,18,0,1
393,"[('경우의 수', '경우의 수', '경우의 수')]",3,1,45,0,3
394,"[('다항식', '인수분해', '다항식의 최대공약수와 최소공배수'), ('다항식', '다항식의 연산', '다항식의 정리')]",3,2,55,0,1
395,"[('실수와 허수', '복소수', '복소수의 연산')]",3,1,36,0,2
396,"[('방정식과 부등식', '이차방정식의 근과 계수의 관계', '이차방정식의 근과 계수의 관계'), ('다항식', '인수분해', '기본 공식의 활용')]",3,2,39,0,4
397,"[('집합과 명제', '명제와 조건', '명제의 역과 대우')]",3,1,30,0,1
398,"[('경우의 수', '경우의 수', '경우의 수')]",3,1,54,0,2
399,"[('도형의 방정식', '도형의 이동', '평행이동')]",3,1,25,0,1
400,"[('도형의 방정식', '직선의 방정식', '점과 직선 사이의 거리')]",3,1,44,0,2
401,"[('함수', '다항함수의 그래프', '절댓값 기호가 있는 방정식의 그래프')]",3,1,33,0,4
402,"[('방정식과 부등식', '일차부등식과 연립일차부등식', '부등식의 성질과 일차부등식의 해법')]",3,1,58,0,3
403,"[('경우의 수', '순열과 조합', '조합')]",3,1,15,0,4
404,"[('도형의 방정식', '원의 방정식', '두 원의 위치 관계')]",3,1,50,0,2
405,"[('경우의 수', '순열과 조합', '조합')]",3,1,15,0,3
406,"[('도형의 방정식', '도형의 이동', '평행이동')]",3,1,26,0,4
407,"[('도형의 방정식', '직선의 방정식', '자취 문제(직선)')]",3,1,9,0,2
408,"[('실수와 허수', '복소수', '복소수의 연산')]",3,1,35,0,1
409,"[('방정식과 부등식', '이차부등식과 연립이차부등식', '연립이차부등식의 해법')]",3,1,10,0,1
410,"[('함수', '합성함수와 역함수', '합성함수'), ('도형의 방정식', '원의 방정식', '자취 문제(원)'), ('함수', '합성함수와 역함수', '합성함수')]",3,3,70,0,1
411,"[('다항식', '나머지 정리', '나머지 정리')]",3,1,53,0,4
412,"[('도형의 방정식', '도형의 이동', '평행이동')]",3,1,15,0,2
413,"[('방정식과 부등식', '일차부등식과 연립일차부등식', '부등식의 성질과 일차부등식의 해법')]",3,1,11,0,2
414,"[('실수와 허수', '실수', '실수')]",3,1,42,0,2
415,"[('함수', '무리함수의 그래프', '무리함수의 그래프'), ('방정식과 부등식', '이차방정식의 판별식', '판별식의 활용'), ('다항식', '항등식과 미정계수', '항등식의 성질과 미정계수법')]",3,3,55,0,1
416,"[('함수', '함수', '함수의 그래프')]",3,1,31,0,2
417,"[('경우의 수', '순열과 조합', '조합')]",3,1,5,0,1
418,"[('다항식', '항등식과 미정계수', '항등식의 성질과 미정계수법')]",3,1,65,0,1
419,"[('함수', '함수', '일대일대응')]",3,1,60,0,4
420,"[('경우의 수', '순열과 조합', '순열')]",3,1,7,0,3
421,"[('집합과 명제', '명제와 조건', '명제의 역과 대우')]",3,1,44,0,3
422,"[('함수', '무리함수의 그래프', '무리함수의 그래프')]",3,1,37,0,2
423,"[('경우의 수', '순열과 조합', '조합'), ('다항식', '다항식의 연산', '곱셈공식')]",3,2,30,0,1
424,"[('실수와 허수', '복소수', '허수와 복소수')]",3,1,28,0,2
425,"[('함수', '무리함수의 그래프', '무리식')]",3,1,48,0,1
426,"[('방정식과 부등식', '연립방정식', '부정방정식')]",3,1,33,0,1
427,"[('방정식과 부등식', '이차부등식과 연립이차부등식', '연립이차부등식의 해법'), ('다항식', '인수분해', '기본 공식의 활용')]",3,2,70,0,3
428,"[('실수와 허수', '실수', '제곱근, 세제곱근과 그 연산')]",3,1,32,0,2
429,"[('함수', '다항함수의 그래프', '이차함수의 그래프')]",3,1,47,0,1
430,"[('실수와 허수', '실수', '무리수가 서로 같을 조건')]",3,1,29,0,1
431,"[('도형의 방정식', '원의 방정식', '자취 문제(원)')]",3,1,55,0,3
432,"[('집합과 명제', '명제의 증명', '명제의 증명')]",3,1,62,0,3
433,"[('도형의 방정식', '평면좌표', '선분의 내분점과 외분점')]",3,1,8,0,1
434,"[('다항식', '나머지 정리', '나머지 정리')]",3,1,55,0,1
435,"[('다항식', '나머지 정리', '인수정리와 고차식의 인수분해')]",3,1,49,0,4
436,"[('도형의 방정식', '원의 방정식', '두 원의 위치 관계')]",3,1,50,0,2
437,"[('경우의 수', '순열과 조합', '순열')]",3,1,23,0,1
438,"[('방정식과 부등식', '일차부등식과 연립일차부등식', '여러 가지 부등식'), ('방정식과 부등식', '일차부등식과 연립일차부등식', '부등식의 성질과 일차부등식의 해법'), ('실수와 허수', '실수', '정수의 분류')]",3,3,75,0,1
439,"[('도형의 방정식', '평면좌표', '선분의 내분점과 외분점'), ('함수', '함수', '일대일대응')]",3,2,60,0,3
440,"[('다항식', '항등식과 미정계수', '항등식의 성질과 미정계수법')]",3,1,8,0,3
441,"[('집합과 명제', '명제와 조건', '충분조건, 필요조건'), ('방정식과 부등식', '이차부등식과 연립이차부등식', '이차부등식의 해법')]",3,2,46,0,4
442,"[('함수', '합성함수와 역함수', '합성함수')]",3,1,61,0,4
443,"[('도형의 방정식', '도형의 이동', '대칭이동')]",3,1,28,0,3
444,"[('방정식과 부등식', '이차방정식의 판별식', '이차방정식의 판별식')]",3,1,13,0,4
445,"[('실수와 허수', '실수', '무리수가 서로 같을 조건')]",3,1,30,0,2
446,"[('실수와 허수', '복소수', '허수와 복소수')]",3,1,49,0,3
447,"[('도형의 방정식', '원의 방정식', '원과 직선의 위치 관계')]",3,1,63,0,1
448,"[('경우의 수', '경우의 수', '경우의 수')]",3,1,38,0,3
449,"[('방정식과 부등식', '이차방정식의 근과 계수의 관계', '이차방정식의 실근의 부호')]",3,1,59,0,1
450,"[('방정식과 부등식', '이차방정식과 이차함수', '이차방정식의 근의 분리')]",3,1,12,0,3
451,"[('도형의 방정식', '원의 방정식', '원과 직선의 위치 관계')]",3,1,43,0,1
452,"[('집합과 명제', '명제와 조건', '명제의 역과 대우')]",3,1,19,0,1
453,"[('방정식과 부등식', '일차, 이차방정식', '일차방정식의 해법')]",3,1,10,0,2
454,"[('도형의 방정식', '원의 방정식', '원의 방정식'), ('방정식과 부등식', '최대와 최소', '제한된 범위에서의 최대와 최소'), ('방정식과 부등식', '이차방정식과 이차함수', '포물선과 직선의 위치 관계')]",3,3,62,0,3
455,"[('집합과 명제', '집합', '합집합, 교집합, 여집합, 차집합')]",3,1,55,0,4
456,"[('집합과 명제', '명제의 증명', '절대부등식의 활용')]",3,1,63,0,1
457,"[('도형의 방정식', '원의 방정식', '원과 직선의 위치 관계'), ('도형의 방정식', '평면좌표', '좌표와 자취'), ('경우의 수', '경우의 수', '경우의 수')]",3,3,64,0,2
458,"[('방정식과 부등식', '삼차방정식과 사차방정식', '삼차방정식과 사차방정식의 해법')]",3,1,31,0,2
459,"[('집합과 명제', '집합', '합집합, 교집합, 여집합, 차집합')]",3,1,32,0,2
460,"[('집합과 명제', '집합의 연산법칙', '유한집합의 원소의 개수')]",3,1,15,0,1
461,"[('도형의 방정식', '평면좌표', '좌표와 자취')]",3,1,62,0,2
462,"[('함수', '다항함수의 그래프', '이차함수의 그래프'), ('집합과 명제', '명제의 증명', '절대부등식의 활용')]",3,2,20,0,2
463,"[('집합과 명제', '명제와 조건', '명제와 조건')]",3,1,50,0,2
464,"[('실수와 허수', '실수', '제곱근, 세제곱근과 그 연산'), ('집합과 명제', '집합', '합집합, 교집합, 여집합, 차집합')]",3,2,59,0,1
465,"[('경우의 수', '경우의 수', '경우의 수'), ('실수와 허수', '복소수', '허수와 복소수'), ('방정식과 부등식', '이차부등식과 연립이차부등식', '이차부등식의 해법')]",3,3,81,0,4
466,"[('실수와 허수', '실수', '실수'), ('방정식과 부등식', '연립방정식', '연립일차방정식의 해법')]",3,2,49,0,3
467,"[('경우의 수', '경우의 수', '경우의 수')]",3,1,63,0,2
468,"[('도형의 방정식', '직선의 방정식', '방정식의 그래프')]",3,1,22,0,1
469,"[('함수', '유리함수의 그래프', '유리함수의 그래프'), ('방정식과 부등식', '일차, 이차방정식', '이차방정식의 해법'), ('함수', '유리함수의 그래프', '유리함수의 그래프')]",3,3,68,0,2
470,"[('집합과 명제', '집합의 연산법칙', '유한집합의 원소의 개수')]",3,1,35,0,1
471,"[('집합과 명제', '집합의 연산법칙', '유한집합의 원소의 개수')]",3,1,49,0,4
472,"[('경우의 수', '순열과 조합', '순열')]",3,1,59,0,4
473,"[('도형의 방정식', '평면좌표', '좌표와 자취')]",3,1,15,0,4
474,"[('경우의 수', '경우의 수', '경우의 수')]",3,1,37,0,1
475,"[('경우의 수', '순열과 조합', '순열')]",3,1,56,0,4
476,"[('실수와 허수', '실수', '제곱근, 세제곱근과 그 연산')]",3,1,17,0,4
477,"[('다항식', '항등식과 미정계수', '다항식의 나눗셈과 항등식')]",3,1,6,0,4
478,"[('경우의 수', '순열과 조합', '순열')]",3,1,63,0,4
479,"[('도형의 방정식', '원의 방정식', '원의 방정식')]",3,1,36,0,1
480,"[('경우의 수', '순열과 조합', '조합')]",3,1,45,0,1
481,"[('실수와 허수', '복소수', '복소수의 연산')]",3,1,62,0,3
482,"[('함수', '합성함수와 역함수', '역함수')]",3,1,25,0,1
483,"[('집합과 명제', '집합의 연산법칙', '유한집합의 원소의 개수')]",3,1,31,0,1
484,"[('집합과 명제', '명제와 조건', '충분조건, 필요조건'), ('경우의 수', '경우의 수', '경우의 수')]",3,2,39,0,2
485,"[('도형의 방정식', '평면좌표', '선분의 내분점과 외분점')]",3,1,50,0,1
486,"[('함수', '유리함수의 그래프', '유리함수의 그래프')]",3,1,20,0,1
487,"[('실수와 허수', '복소수', '복소수의 연산')]",3,1,24,0,4
488,"[('경우의 수', '순열과 조합', '순열')]",3,1,43,0,2
489,"[('경우의 수', '순열과 조합', '조합')]",3,1,28,0,4
490,"[('방정식과 부등식', '삼차방정식과 사차방정식', '삼차방정식과 사차방정식의 해법')]",3,1,51,0,4
491,"[('경우의 수', '경우의 수', '경우의 수'), ('다항식', '나머지 정리', '나머지 정리')]",3,2,21,0,4
492,"[('함수', '유리함수의 그래프', '유리함수의 그래프')]",3,1,63,0,2
493,"[('방정식과 부등식', '이차방정식과 이차함수', '포물선과 직선의 위치 관계')]",3,1,15,0,1
494,"[('다항식', '나머지 정리', '나머지 정리')]",3,1,42,0,2
495,"[('다항식', '나머지 정리', '나머지 정리')]",3,1,30,0,2
496,"[('방정식과 부등식', '일차, 이차방정식', '일차방정식의 해법')]",3,1,23,0,4
497,"[('집합과 명제', '명제와 조건', '충분조건, 필요조건')]",3,1,34,0,4
498,"[('경우의 수', '순열과 조합', '조합')]",3,1,15,0,1
499,"[('다항식', '다항식의 연산', '다항식의 정리')]",3,1,54,0,2
500,"[('실수와 허수', '복소수', '허수와 복소수')]",3,1,34,0,2
501,"[('경우의 수', '순열과 조합', '순열')]",3,1,55,0,1
502,"[('집합과 명제', '집합', '집합의 포함 관계')]",3,1,48,0,2
503,"[('함수', '다항함수의 그래프', '절댓값 기호가 있는 방정식의 그래프')]",3,1,15,0,2
504,"[('집합과 명제', '명제의 증명', '명제의 증명')]",3,1,31,0,3
505,"[('방정식과 부등식', '이차방정식의 판별식', '이차방정식의 판별식')]",3,1,52,0,1
506,"[('도형의 방정식', '직선의 방정식', '두 직선의 위치 관계')]",3,1,64,0,1
507,"[('방정식과 부등식', '이차부등식과 연립이차부등식', '이차부등식의 해법')]",3,1,18,0,3
508,"[('방정식과 부등식', '이차방정식과 이차함수', '포물선과 직선의 위치 관계')]",3,1,20,0,3
509,"[('집합과 명제', '명제의 증명', '절대부등식의 증명')]",3,1,57,0,4
510,"[('집합과 명제', '명제의 증명', '절대부등식의 활용')]",3,1,34,0,3
511,"[('경우의 수', '경우의 수', '경우의 수')]",3,1,62,0,1
512,"[('도형의 방정식', '도형의 이동', '평행이동')]",3,1,17,0,1
513,"[('다항식', '다항식의 연산', '다항식의 정리')]",3,1,56,0,4
514,"[('함수', '함수', '함수의 그래프'), ('실수와 허수', '복소수', '복소수의 연산'), ('함수', '합성함수와 역함수', '역함수')]",3,3,55,0,3
515,"[('방정식과 부등식', '삼차방정식과 사차방정식', '삼차방정식과 사차방정식의 해법')]",3,1,53,0,3
516,"[('실수와 허수', '실수', '제곱근, 세제곱근과 그 연산'), ('도형의 방정식', '직선의 방정식', '점과 직선 사이의 거리')]",3,2,74,0,2
517,"[('도형의 방정식', '직선의 방정식', '정점을 지나는 직선')]",3,1,8,0,4
518,"[('경우의 수', '경우의 수', '경우의 수')]",3,1,58,0,4
519,"[('실수와 허수', '복소수', '허수와 복소수')]",3,1,46,0,1
520,"[('집합과 명제', '집합의 연산법칙', '유한집합의 원소의 개수'), ('실수와 허수', '실수', '정수의 분류'), ('함수', '합성함수와 역함수', '합성함수')]",3,3,72,0,1
521,"[('도형의 방정식', '평면좌표', '좌표와 자취')]",3,1,48,0,4
522,"[('도형의 방정식', '직선의 방정식', '방정식의 그래프'), ('도형의 방정식', '원의 방정식', '두 원의 위치 관계'), ('집합과 명제', '명제와 조건', '명제의 역과 대우')]",3,3,56,0,4
523,"[('방정식과 부등식', '이차방정식과 이차함수', '이차방정식의 근의 분리')]",3,1,26,0,2
524,"[('집합과 명제', '집합', '집합과 원소')]",3,1,58,0,1
525,"[('다항식', '나머지 정리', '나머지 정리'), ('집합과 명제', '명제의 증명', '명제의 증명')]",3,2,53,0,2
526,"[('방정식과 부등식', '이차방정식과 이차함수', '이차방정식의 근의 분리')]",3,1,40,0,4
527,"[('경우의 수', '경우의 수', '경우의 수')]",3,1,60,0,1
528,"[('경우의 수', '경우의 수', '경우의 수')]",3,1,65,0,3
529,"[('도형의 방정식', '직선의 방정식', '직선의 방정식')]",3,1,61,0,3
530,"[('경우의 수', '순열과 조합', '조합')]",3,1,21,0,2
531,"[('실수와 허수', '복소수', '허수와 복소수')]",3,1,65,0,3
532,"[('실수와 허수', '복소수', '복소수의 연산')]",3,1,38,0,3
533,"[('방정식과 부등식', '연립방정식', '부정방정식')]",3,1,26,0,2
534,"[('경우의 수', '경우의 수', '경우의 수'), ('실수와 허수', '실수', '무리수가 서로 같을 조건'), ('방정식과 부등식', '삼차방정식과 사차방정식', '삼차방정식과 사차방정식의 해법')]",3,3,60,0,2
535,"[('실수와 허수', '실수', '정수의 분류')]",3,1,46,0,2
536,"[('다항식', '인수분해', '기본 공식의 활용'), ('집합과 명제', '명제의 증명', '절대부등식의 증명'), ('방정식과 부등식', '이차방정식의 판별식', '판별식의 활용')]",3,3,65,0,1
537,"[('실수와 허수', '복소수', '복소수의 연산')]",3,1,10,0,2
538,"[('방정식과 부등식', '이차방정식과 이차함수', '이차방정식의 근의 분리')]",3,1,56,0,1
539,"[('경우의 수', '순열과 조합', '순열'), ('방정식과 부등식', '이차방정식과 이차함수', '이차방정식의 근의 분리')]",3,2,67,0,1
540,"[('경우의 수', '순열과 조합', '조합')]",3,1,62,0,3
541,"[('방정식과 부등식', '이차방정식의 근과 계수의 관계', '이차방정식의 정수근')]",3,1,29,0,1
542,"[('도형의 방정식', '원의 방정식', '자취 문제(원)')]",3,1,11,0,1
543,"[('방정식과 부등식', '이차방정식의 근과 계수의 관계', '이차방정식의 근과 계수의 관계'), ('방정식과 부등식', '이차방정식의 근과 계수의 관계', '이차방정식의 근과 계수의 관계')]",3,2,20,0,2
544,"[('집합과 명제', '집합', '집합의 포함 관계')]",3,1,51,0,3
545,"[('집합과 명제', '명제와 조건', '충분조건, 필요조건')]",3,1,16,0,4
546,"[('방정식과 부등식', '이차방정식의 근과 계수의 관계', '이차방정식의 정수근')]",3,1,12,0,2
547,"[('함수', '함수', '함수')]",3,1,15,0,1
548,"[('함수', '유리함수의 그래프', '유리함수의 그래프')]",3,1,6,0,2
549,"[('경우의 수', '순열과 조합', '순열'), ('다항식', '인수분해', '인수분해의 기본 공식')]",3,2,23,0,2
550,"[('경우의 수', '순열과 조합', '조합'), ('집합과 명제', '집합의 연산법칙', '유한집합의 원소의 개수')]",3,2,57,0,4
551,"[('경우의 수', '경우의 수', '경우의 수')]",3,1,34,0,2
552,"[('방정식과 부등식', '이차방정식의 근과 계수의 관계', '이차방정식의 실근의 부호')]",3,1,37,0,2
553,"[('실수와 허수', '복소수', '허수와 복소수')]",3,1,32,0,1
554,"[('방정식과 부등식', '이차방정식의 판별식', '판별식의 활용')]",3,1,62,0,4
555,"[('방정식과 부등식', '이차방정식의 근과 계수의 관계', '이차방정식의 근과 계수의 관계'), ('경우의 수', '경우의 수', '경우의 수'), ('함수', '합성함수와 역함수', '합성함수')]",3,3,56,0,4
556,"[('다항식', '인수분해', '인수분해의 기본 공식')]",3,1,8,0,1
557,"[('경우의 수', '순열과 조합', '순열')]",3,1,35,0,1
558,"[('실수와 허수', '복소수', '허수와 복소수'), ('방정식과 부등식', '이차방정식의 근과 계수의 관계', '이차방정식의 정수근')]",3,2,40,0,4
559,"[('다항식', '다항식의 연산', '곱셈공식')]",3,1,5,0,4
560,"[('방정식과 부등식', '연립방정식', '연랍이차방정식의 해법')]",3,1,10,0,3
561,"[('함수', '다항함수의 그래프', '이차함수의 그래프')]",3,1,40,0,3
562,"[('집합과 명제', '명제와 조건', '명제와 조건')]",3,1,27,0,1
563,"[('실수와 허수', '복소수', '허수와 복소수'), ('도형의 방정식', '평면좌표', '좌표와 자취'), ('경우의 수', '경우의 수', '경우의 수')]",3,3,61,0,3
564,"[('경우의 수', '경우의 수', '경우의 수'), ('다항식', '인수분해', '다항식의 최대공약수와 최소공배수')]",3,2,55,0,1
565,"[('경우의 수', '순열과 조합', '조합')]",3,1,36,0,2
566,"[('함수', '함수', '일대일대응')]",3,1,23,0,1
567,"[('도형의 방정식', '원의 방정식', '두 원의 위치 관계')]",3,1,53,0,4
568,"[('다항식', '인수분해', '다항식의 최대공약수와 최소공배수')]",3,1,62,0,4
569,"[('함수', '무리함수의 그래프', '무리함수의 그래프')]",3,1,56,0,2
570,"[('다항식', '나머지 정리', '나머지 정리'), ('경우의 수', '경우의 수', '경우의 수'), ('도형의 방정식', '도형의 이동', '평행이동')]",3,3,65,0,2
571,"[('실수와 허수', '실수', '실수'), ('경우의 수', '순열과 조합', '순열'), ('다항식', '인수분해', '다항식의 최대공약수와 최소공배수')]",3,3,53,0,3
572,"[('집합과 명제', '집합의 연산법칙', '유한집합의 원소의 개수')]",3,1,37,0,4
573,"[('함수', '무리함수의 그래프', '무리함수의 그래프')]",3,1,22,0,4
574,"[('경우의 수', '순열과 조합', '조합')]",3,1,24,0,2
575,"[('다항식', '나머지 정리', '인수정리와 고차식의 인수분해')]",3,1,28,0,2
576,"[('실수와 허수', '실수', '정수의 분류')]",3,1,51,0,3
577,"[('실수와 허수', '복소수', '허수와 복소수')]",3,1,40,0,4
578,"[('경우의 수', '순열과 조합', '순열')]",3,1,6,0,4
579,"[('함수', '유리함수의 그래프', '유리함수의 그래프')]",3,1,27,0,4
580,"[('집합과 명제', '집합의 연산법칙', '집합의 연산법칙')]",3,1,5,0,3
581,"[('다항식', '나머지 정리', '나머지 정리')]",3,1,22,0,4
582,"[('경우의 수', '순열과 조합', '순열')]",3,1,52,0,4
583,"[('함수', '무리함수의 그래프', '무리식')]",3,1,7,0,2
584,"[('함수', '합성함수와 역함수', '합성함수'), ('집합과 명제', '집합의 연산법칙', '유한집합의 원소의 개수'), ('함수', '무리함수의 그래프', '무리함수의 그래프')]",3,3,53,0,4
585,"[('도형의 방정식', '원의 방정식', '자취 문제(원)'), ('다항식', '인수분해', '인수분해의 기본 공식'), ('실수와 허수', '실수', '실수')]",3,3,77,0,4
586,"[('다항식', '나머지 정리', '나머지 정리'), ('다항식', '나머지 정리', '인수정리와 고차식의 인수분해'), ('경우의 수', '순열과 조합', '조합')]",3,3,52,0,2
587,"[('도형의 방정식', '원의 방정식', '원의 방정식')]",3,1,12,0,2
588,"[('다항식', '인수분해', '다항식의 최대공약수와 최소공배수')]",3,1,22,0,3
589,"[('실수와 허수', '실수', '무리수가 서로 같을 조건')]",3,1,62,0,2
590,"[('실수와 허수', '복소수', '복소수의 연산')]",3,1,47,0,3
591,"[('도형의 방정식', '도형의 이동', '대칭이동')]",3,1,44,0,3
592,"[('함수', '무리함수의 그래프', '무리함수의 그래프'), ('실수와 허수', '복소수', '복소수의 연산')]",3,2,26,0,2
593,"[('도형의 방정식', '직선의 방정식', '점과 직선 사이의 거리'), ('집합과 명제', '집합', '집합의 포함 관계')]",3,2,30,0,4
594,"[('집합과 명제', '명제와 조건', '명제의 역과 대우')]",3,1,44,0,4
595,"[('도형의 방정식', '평면좌표', '좌표와 자취')]",3,1,50,0,3
596,"[('실수와 허수', '복소수', '허수와 복소수')]",3,1,51,0,1
597,"[('경우의 수', '경우의 수', '경우의 수')]",3,1,13,0,4
598,"[('실수와 허수', '복소수', '복소수의 연산')]",3,1,57,0,4
599,"[('도형의 방정식', '직선의 방정식', '정점을 지나는 직선'), ('실수와 허수', '복소수', '복소수의 연산')]",3,2,45,0,3
600,"[('다항식', '다항식의 연산', '다항식의 곱셈, 나눗셈'), ('다항식', '나머지 정리', '인수정리와 고차식의 인수분해')]",3,2,35,0,2
601,"[('경우의 수', '경우의 수', '경우의 수')]",3,1,32,0,2
602,"[('경우의 수', '순열과 조합', '순열')]",3,1,20,0,1
603,"[('도형의 방정식', '원의 방정식', '원과 직선의 위치 관계')]",3,1,27,0,3
604,"[('방정식과 부등식', '일차부등식과 연립일차부등식', '연립일차부등식의 해법')]",3,1,61,0,3
605,"[('도형의 방정식', '원의 방정식', '두 원의 위치 관계')]",3,1,63,0,2
606,"[('실수와 허수', '실수', '제곱근, 세제곱근과 그 연산'), ('실수와 허수', '복소수', '허수와 복소수'), ('도형의 방정식', '평면좌표', '선분의 내분점과 외분점')]",3,3,85,0,1
607,"[('실수와 허수', '실수', '실수')]",3,1,12,0,4
608,"[('실수와 허수', '복소수', '허수와 복소수')]",3,1,35,0,3
609,"[('실수와 허수', '실수', '실수')]",3,1,26,0,2
610,"[('집합과 명제', '명제의 증명', '절대부등식의 활용'), ('집합과 명제', '명제의 증명', '절대부등식의 증명'), ('다항식', '항등식과 미정계수', '항등식의 성질과 미정계수법')]",3,3,77,0,2
611,"[('다항식', '나머지 정리', '인수정리와 고차식의 인수분해')]",3,1,8,0,1
612,"[('다항식', '다항식의 연산', '다항식의 정리'), ('실수와 허수', '복소수', '허수와 복소수'), ('함수', '합성함수와 역함수', '역함수')]",3,3,72,0,1
613,"[('다항식', '나머지 정리', '나머지 정리')]",3,1,56,0,4
614,"[('다항식', '항등식과 미정계수', '다항식의 나눗셈과 항등식')]",3,1,64,0,4
615,"[('경우의 수', '순열과 조합', '순열')]",3,1,58,0,3
616,"[('실수와 허수', '실수', '실수')]",3,1,19,0,4
617,"[('경우의 수', '순열과 조합', '순열')]",3,1,9,0,4
618,"[('다항식', '다항식의 연산', '다항식의 덧셈, 뺄셈')]",3,1,65,0,1
619,"[('다항식', '나머지 정리', '나머지 정리')]",3,1,58,0,4
620,"[('도형의 방정식', '직선의 방정식', '직선의 방정식')]",3,1,50,0,4
621,"[('도형의 방정식', '직선의 방정식', '방정식의 그래프')]",3,1,15,0,3
622,"[('집합과 명제', '명제의 증명', '명제의 증명')]",3,1,20,0,2
623,"[('도형의 방정식', '직선의 방정식', '두 직선의 위치 관계')]",3,1,13,0,2
624,"[('다항식', '나머지 정리', '나머지 정리')]",3,1,49,0,3
625,"[('다항식', '나머지 정리', '나머지 정리'), ('도형의 방정식', '원의 방정식', '원과 직선의 위치 관계'), ('경우의 수', '순열과 조합', '순열')]",3,3,64,0,2
626,"[('도형의 방정식', '도형의 이동', '평행이동'), ('경우의 수', '순열과 조합', '순열')]",3,2,69,0,2
627,"[('함수', '유리함수의 그래프', '유리식')]",3,1,38,0,3
628,"[('실수와 허수', '복소수', '허수와 복소수')]",3,1,60,0,3
629,"[('경우의 수', '경우의 수', '경우의 수')]",3,1,21,0,4
630,"[('집합과 명제', '명제와 조건', '명제와 조건')]",3,1,9,0,3
631,"[('경우의 수', '경우의 수', '경우의 수')]",3,1,23,0,3
632,"[('집합과 명제', '명제와 조건', '명제와 조건'), ('방정식과 부등식', '이차방정식의 판별식', '판별식의 활용'), ('경우의 수', '경우의 수', '경우의 수')]",3,3,71,0,2
633,"[('경우의 수', '경우의 수', '경우의 수')]",3,1,41,0,3
634,"[('실수와 허수', '복소수', '복소수의 연산')]",3,1,14,0,3
635,"[('실수와 허수', '복소수', '복소수의 연산')]",3,1,38,0,3
636,"[('실수와 허수', '복소수', '허수와 복소수')]",3,1,16,0,3
637,"[('집합과 명제', '집합', '집합의 포함 관계')]",3,1,25,0,1
638,"[('다항식', '인수분해', '인수분해의 기본 공식'), ('다항식', '인수분해', '다항식의 최대공약수와 최소공배수'), ('경우의 수', '경우의 수', '경우의 수')]",3,3,43,0,1
639,"[('집합과 명제', '집합', '집합과 원소')]",3,1,24,0,2
640,"[('경우의 수', '순열과 조합', '조합')]",3,1,27,0,4
641,"[('다항식', '나머지 정리', '인수정리와 고차식의 인수분해')]",3,1,11,0,2
642,"[('집합과 명제', '명제의 증명', '절대부등식의 활용')]",3,1,36,0,4
643,"[('집합과 명제', '집합의 연산법칙', '집합의 연산법칙')]",3,1,55,0,1
644,"[('함수', '유리함수의 그래프', '유리식')]",3,1,31,0,4
645,"[('집합과 명제', '집합의 연산법칙', '집합의 연산법칙')]",3,1,43,0,4
646,"[('다항식', '항등식과 미정계수', '다항식의 나눗셈과 항등식'), ('방정식과 부등식', '이차방정식과 이차함수', '이차방정식과 이차함수의 관계'), ('함수', '다항함수의 그래프', '일차함수의 그래프')]",3,3,65,0,4
647,"[('경우의 수', '순열과 조합', '순열')]",3,1,14,0,4
648,"[('실수와 허수', '복소수', '복소수의 연산')]",3,1,33,0,1
649,"[('다항식', '항등식과 미정계수', '다항식의 나눗셈과 항등식'), ('집합과 명제', '집합', '집합과 원소'), ('함수', '함수', '함수')]",3,3,82,0,2
650,"[('실수와 허수', '복소수', '복소수의 연산')]",3,1,24,0,3
651,"[('도형의 방정식', '원의 방정식', '원과 직선의 위치 관계')]",3,1,20,0,1
652,"[('경우의 수', '순열과 조합', '조합')]",3,1,48,0,4
653,"[('다항식', '인수분해', '다항식의 최대공약수와 최소공배수')]",3,1,21,0,2
654,"[('방정식과 부등식', '최대와 최소', '판별식을 이용하는 최대와 최소')]",3,1,12,0,2
655,"[('다항식', '항등식과 미정계수', '항등식의 성질과 미정계수법')]",3,1,5,0,2
656,"[('경우의 수', '순열과 조합', '조합')]",3,1,12,0,1
657,"[('함수', '합성함수와 역함수', '역함수')]",3,1,59,0,3
658,"[('함수', '합성함수와 역함수', '합성함수')]",3,1,33,0,3
659,"[('집합과 명제', '명제와 조건', '명제와 조건')]",3,1,55,0,2
660,"[('실수와 허수', '실수', '정수의 분류'), ('경우의 수', '경우의 수', '경우의 수')]",3,2,29,0,3
661,"[('도형의 방정식', '평면좌표', '선분의 내분점과 외분점')]",3,1,15,0,3
662,"[('집합과 명제', '명제와 조건', '명제와 조건'), ('함수', '무리함수의 그래프', '무리식')]",3,2,46,0,2
663,"[('방정식과 부등식', '일차, 이차방정식', '이차방정식의 해법')]",3,1,37,0,4
664,"[('도형의 방정식', '직선의 방정식', '직선의 방정식')]",3,1,8,0,2
665,"[('다항식', '항등식과 미정계수', '항등식의 성질과 미정계수법')]",3,1,65,0,4
666,"[('도형의 방정식', '도형의 이동', '대칭이동')]",3,1,12,0,1
667,"[('집합과 명제', '명제의 증명', '명제의 증명')]",3,1,28,0,3
668,"[('방정식과 부등식', '이차방정식의 판별식', '이차방정식의 판별식'), ('방정식과 부등식', '이차방정식의 판별식', '이차방정식의 판별식'), ('다항식', '나머지 정리', '나머지 정리')]",3,3,73,0,4
669,"[('다항식', '나머지 정리', '인수정리와 고차식의 인수분해')]",3,1,32,0,2
670,"[('함수', '무리함수의 그래프', '무리함수의 그래프')]",3,1,12,0,1
671,"[('방정식과 부등식', '삼차방정식과 사차방정식', '삼차방정식의 근과 계수의 관계'), ('집합과 명제', '집합', '집합의 포함 관계')]",3,2,56,0,2
672,"[('경우의 수', '순열과 조합', '조합')]",3,1,8,0,2
673,"[('방정식과 부등식', '일차, 이차방정식', '이차방정식의 해법')]",3,1,16,0,3
674,"[('다항식', '항등식과 미정계수', '다항식의 나눗셈과 항등식')]",3,1,18,0,4
675,"[('다항식', '다항식의 연산', '다항식의 덧셈, 뺄셈')]",3,1,60,0,2
676,"[('다항식', '항등식과 미정계수', '다항식의 나눗셈과 항등식')]",3,1,49,0,2
677,"[('경우의 수', '경우의 수', '경우의 수')]",3,1,20,0,2
678,"[('도형의 방정식', '원의 방정식', '두 원의 위치 관계')]",3,1,46,0,3
679,"[('도형의 방정식', '직선의 방정식', '방정식의 그래프'), ('집합과 명제', '집합의 연산법칙', '유한집합의 원소의 개수')]",3,2,57,0,2
680,"[('경우의 수', '경우의 수', '경우의 수'), ('방정식과 부등식', '삼차방정식과 사차방정식', '삼차방정식의 근과 계수의 관계')]",3,2,71,0,4
681,"[('실수와 허수', '복소수', '복소수의 연산'), ('방정식과 부등식', '이차방정식의 판별식', '이차방정식의 판별식')]",3,2,66,0,4
682,"[('실수와 허수', '복소수', '복소수의 연산')]",3,1,63,0,3
683,"[('방정식과 부등식', '이차부등식과 연립이차부등식', '이차부등식의 해법')]",3,1,8,0,2
684,"[('도형의 방정식', '도형의 이동', '대칭이동')]",3,1,55,0,4
685,"[('도형의 방정식', '원의 방정식', '원의 방정식')]",3,1,22,0,4
686,"[('실수와 허수', '실수', '실수'), ('다항식', '나머지 정리', '인수정리와 고차식의 인수분해')]",3,2,64,0,2
687,"[('경우의 수', '경우의 수', '경우의 수')]",3,1,22,0,3
688,"[('경우의 수', '순열과 조합', '순열')]",3,1,65,0,1
689,"[('집합과 명제', '집합의 연산법칙', '유한집합의 원소의 개수')]",3,1,6,0,2
690,"[('집합과 명제', '명제의 증명', '절대부등식의 증명')]",3,1,41,0,1
691,"[('도형의 방정식', '직선의 방정식', '방정식의 그래프')]",3,1,13,0,4
692,"[('도형의 방정식', '직선의 방정식', '두 직선의 위치 관계')]",3,1,24,0,1
693,"[('방정식과 부등식', '최대와 최소', '판별식을 이용하는 최대와 최소')]",3,1,22,0,4
694,"[('방정식과 부등식', '이차방정식의 근과 계수의 관계', '이차방정식의 근과 계수의 관계')]",3,1,33,0,2
695,"[('방정식과 부등식', '최대와 최소', '판별식을 이용하는 최대와 최소')]",3,1,21,0,3
696,"[('실수와 허수', '복소수', '복소수의 연산')]",3,1,54,0,1
697,"[('함수', '유리함수의 그래프', '유리함수의 그래프')]",3,1,35,0,1
698,"[('집합과 명제', '명제의 증명', '절대부등식의 증명')]",3,1,17,0,3
699,"[('경우의 수', '순열과 조합', '조합')]",3,1,28,0,4
700,"[('실수와 허수', '복소수', '복소수의 연산')]",3,1,47,0,4
701,"[('함수', '유리함수의 그래프', '유리식')]",3,1,39,0,1
702,"[('다항식', '나머지 정리', '인수정리와 고차식의 인수분해')]",3,1,60,0,3
703,"[('함수', '합성함수와 역함수', '역함수')]",3,1,23,0,4
704,"[('집합과 명제', '명제의 증명', '명제의 증명'), ('함수', '합성함수와 역함수', '합성함수'), ('경우의 수', '순열과 조합', '조합')]",3,3,85,0,3
705,"[('집합과 명제', '명제의 증명', '절대부등식의 증명')]",3,1,22,0,1
706,"[('집합과 명제', '집합', '집합과 원소')]",3,1,25,0,3
707,"[('도형의 방정식', '직선의 방정식', '직선의 방정식'), ('방정식과 부등식', '연립방정식', '공통근'), ('방정식과 부등식', '이차방정식과 이차함수', '포물선과 직선의 위치 관계')]",3,3,57,0,1
708,"[('방정식과 부등식', '삼차방정식과 사차방정식', '삼차방정식과 사차방정식의 해법')]",3,1,56,0,2
709,"[('다항식', '나머지 정리', '인수정리와 고차식의 인수분해'), ('방정식과 부등식', '일차, 이차방정식', '일차방정식의 해법'), ('실수와 허수', '복소수', '복소수의 연산')]",3,3,73,0,2
710,"[('집합과 명제', '명제와 조건', '명제와 조건')]",3,1,17,0,1
711,"[('도형의 방정식', '평면좌표', '좌표와 자취'), ('실수와 허수', '실수', '실수'), ('함수', '합성함수와 역함수', '역함수')]",3,3,41,0,3
712,"[('함수', '합성함수와 역함수', '역함수')]",3,1,6,0,3
713,"[('실수와 허수', '복소수', '복소수의 연산')]",3,1,39,0,1
714,"[('다항식', '인수분해', '기본 공식의 활용')]",3,1,12,0,2
715,"[('실수와 허수', '복소수', '복소수의 연산')]",3,1,42,0,2
716,"[('함수', '다항함수의 그래프', '간단한 삼차함수의 그래프')]",3,1,65,0,2
717,"[('집합과 명제', '집합', '합집합, 교집합, 여집합, 차집합'), ('도형의 방정식', '원의 방정식', '두 원의 위치 관계')]",3,2,56,0,2
718,"[('함수', '합성함수와 역함수', '합성함수')]",3,1,10,0,3
719,"[('실수와 허수', '실수', '실수')]",3,1,19,0,4
720,"[('방정식과 부등식', '이차방정식의 판별식', '판별식의 활용')]",3,1,57,0,4
721,"[('함수', '유리함수의 그래프', '유리함수의 그래프')]",3,1,46,0,2
722,"[('집합과 명제', '집합의 연산법칙', '집합의 연산법칙')]",3,1,33,0,2
723,"[('도형의 방정식', '도형의 이동', '평행이동'), ('도형의 방정식', '도형의 이동', '평행이동')]",3,2,41,0,1
724,"[('방정식과 부등식', '일차, 이차방정식', '이차방정식의 해법')]",3,1,62,0,1
725,"[('함수', '함수', '함수')]",3,1,26,0,2
726,"[('도형의 방정식', '원의 방정식', '두 원의 위치 관계')]",3,1,50,0,4
727,"[('도형의 방정식', '도형의 이동', '평행이동')]",3,1,48,0,1
728,"[('도형의 방정식', '직선의 방정식', '정점을 지나는 직선')]",3,1,35,0,3
729,"[('함수', '다항함수의 그래프', '절댓값 기호가 있는 방정식의 그래프')]",3,1,25,0,4
730,"[('경우의 수', '경우의 수', '경우의 수')]",3,1,20,0,1
731,"[('다항식', '다항식의 연산', '곱셈공식')]",3,1,20,0,1
732,"[('다항식', '나머지 정리', '인수정리와 고차식의 인수분해'), ('경우의 수', '순열과 조합', '조합'), ('실수와 허수', '복소수', '허수와 복소수')]",3,3,40,0,2
733,"[('실수와 허수', '복소수', '복소수의 연산')]",3,1,27,0,4
734,"[('방정식과 부등식', '이차방정식의 판별식', '이차방정식의 판별식'), ('방정식과 부등식', '이차부등식과 연립이차부등식', '연립이차부등식의 해법')]",3,2,32,0,3
735,"[('다항식', '인수분해', '다항식의 최대공약수와 최소공배수')]",3,1,17,0,3
736,"[('실수와 허수', '실수', '제곱근, 세제곱근과 그 연산')]",3,1,52,0,3
737,"[('도형의 방정식', '원의 방정식', '두 원의 위치 관계')]",3,1,14,0,4
738,"[('방정식과 부등식', '이차방정식의 판별식', '판별식의 활용'), ('방정식과 부등식', '삼차방정식과 사차방정식', '삼차방정식과 사차방정식의 해법')]",3,2,53,0,1
739,"[('함수', '다항함수의 그래프', '절댓값 기호가 있는 방정식의 그래프')]",3,1,30,0,4
740,"[('경우의 수', '경우의 수', '경우의 수')]",3,1,48,0,2
741,"[('방정식과 부등식', '일차부등식과 연립일차부등식', '여러 가지 부등식')]",3,1,49,0,3
742,"[('도형의 방정식', '직선의 방정식', '자취 문제(직선)')]",3,1,55,0,2
743,"[('다항식', '인수분해', '다항식의 최대공약수와 최소공배수')]",3,1,37,0,2
744,"[('집합과 명제', '명제와 조건', '명제와 조건')]",3,1,30,0,2
745,"[('집합과 명제', '집합', '집합과 원소')]",3,1,25,0,4
746,"[('실수와 허수', '복소수', '허수와 복소수')]",3,1,22,0,2
747,"[('경우의 수', '순열과 조합', '조합')]",3,1,48,0,2
748,"[('도형의 방정식', '도형의 이동', '평행이동')]",3,1,37,0,3
749,"[('실수와 허수', '복소수', '복소수의 연산')]",3,1,50,0,4
750,"[('경우의 수', '경우의 수', '경우의 수')]",3,1,27,0,3
751,"[('함수', '다항함수의 그래프', '절댓값 기호가 있는 방정식의 그래프')]",3,1,54,0,1
752,"[('경우의 수', '경우의 수', '경우의 수')]",3,1,62,0,4
753,"[('방정식과 부등식', '이차방정식의 근과 계수의 관계', '이차방정식의 실근의 부호')]",3,1,6,0,2
754,"[('방정식과 부등식', '일차, 이차방정식', '이차방정식의 해법')]",3,1,18,0,1
755,"[('경우의 수', '경우의 수', '경우의 수')]",3,1,11,0,3
756,"[('실수와 허수', '복소수', '허수와 복소수'), ('도형의 방정식', '평면좌표', '선분의 내분점과 외분점')]",3,2,31,0,2
757,"[('실수와 허수', '복소수', '허수와 복소수')]",3,1,54,0,3
758,"[('경우의 수', '순열과 조합', '조합')]",3,1,15,0,2
759,"[('다항식', '다항식의 연산', '곱셈공식')]",3,1,12,0,1
760,"[('도형의 방정식', '직선의 방정식', '두 직선의 위치 관계')]",3,1,20,0,1
761,"[('실수와 허수', '실수', '제곱근, 세제곱근과 그 연산')]",3,1,39,0,4
762,"[('방정식과 부등식', '최대와 최소', '이차함수의 최대와 최소')]",3,1,26,0,3
763,"[('도형의 방정식', '평면좌표', '좌표와 자취'), ('실수와 허수', '복소수', '복소수의 연산')]",3,2,39,0,3
764,"[('경우의 수', '경우의 수', '경우의 수')]",3,1,35,0,3
765,"[('방정식과 부등식', '이차방정식과 이차함수', '포물선과 직선의 위치 관계')]",3,1,27,0,1
766,"[('도형의 방정식', '직선의 방정식', '점과 직선 사이의 거리')]",3,1,61,0,3
767,"[('도형의 방정식', '평면좌표', '두 점 사이의 거리'), ('도형의 방정식', '도형의 이동', '평행이동')]",3,2,41,0,1
768,"[('방정식과 부등식', '삼차방정식과 사차방정식', '삼차방정식의 근과 계수의 관계')]",3,1,10,0,3
769,"[('실수와 허수', '실수', '실수')]",3,1,10,0,2
770,"[('집합과 명제', '명제의 증명', '절대부등식의 증명')]",3,1,54,0,3
771,"[('실수와 허수', '복소수', '복소수의 연산')]",3,1,35,0,2
772,"[('함수', '다항함수의 그래프', '절댓값 기호가 있는 방정식의 그래프')]",3,1,15,0,2
773,"[('경우의 수', '순열과 조합', '순열')]",3,1,59,0,2
774,"[('실수와 허수', '실수', '실수'), ('함수', '유리함수의 그래프', '유리식'), ('경우의 수', '경우의 수', '경우의 수')]",3,3,71,0,1
775,"[('다항식', '인수분해', '인수분해의 기본 공식')]",3,1,58,0,1
776,"[('다항식', '인수분해', '기본 공식의 활용')]",3,1,43,0,3
777,"[('도형의 방정식', '평면좌표', '두 점 사이의 거리')]",3,1,11,0,2
778,"[('경우의 수', '순열과 조합', '순열')]",3,1,21,0,4
779,"[('방정식과 부등식', '이차방정식의 근과 계수의 관계', '이차방정식의 근과 계수의 관계'), ('방정식과 부등식', '이차부등식과 연립이차부등식', '연립이차부등식의 해법'), ('함수', '합성함수와 역함수', '역함수')]",3,3,63,0,2
780,"[('방정식과 부등식', '최대와 최소', '판별식을 이용하는 최대와 최소')]",3,1,44,0,4
781,"[('함수', '무리함수의 그래프', '무리식'), ('방정식과 부등식', '연립방정식', '연립일차방정식의 해법'), ('방정식과 부등식', '일차부등식과 연립일차부등식', '연립일차부등식의 해법')]",3,3,45,0,1
782,"[('다항식', '다항식의 연산', '다항식의 덧셈, 뺄셈'), ('방정식과 부등식', '일차부등식과 연립일차부등식', '부등식의 성질과 일차부등식의 해법'), ('실수와 허수', '실수', '정수의 분류')]",3,3,68,0,3
783,"[('방정식과 부등식', '최대와 최소', '제한된 범위에서의 최대와 최소'), ('집합과 명제', '명제의 증명', '절대부등식의 증명')]",3,2,21,0,1
784,"[('경우의 수', '경우의 수', '경우의 수')]",3,1,16,0,4
785,"[('경우의 수', '경우의 수', '경우의 수')]",3,1,30,0,1
786,"[('실수와 허수', '복소수', '복소수의 연산')]",3,1,35,0,1
787,"[('경우의 수', '경우의 수', '경우의 수')]",3,1,49,0,4
788,"[('다항식', '항등식과 미정계수', '항등식의 성질과 미정계수법'), ('다항식', '다항식의 연산', '다항식의 곱셈, 나눗셈'), ('함수', '무리함수의 그래프', '무리식')]",3,3,76,0,1
789,"[('집합과 명제', '집합', '합집합, 교집합, 여집합, 차집합')]",3,1,33,0,4
790,"[('경우의 수', '순열과 조합', '순열'), ('집합과 명제', '집합의 연산법칙', '집합의 연산법칙'), ('경우의 수', '경우의 수', '경우의 수')]",3,3,42,0,1
791,"[('실수와 허수', '실수', '제곱근, 세제곱근과 그 연산')]",3,1,57,0,4
792,"[('경우의 수', '경우의 수', '경우의 수'), ('실수와 허수', '복소수', '복소수의 연산'), ('실수와 허수', '복소수', '복소수의 연산')]",3,3,47,0,1
793,"[('도형의 방정식', '직선의 방정식', '방정식의 그래프')]",3,1,48,0,1
794,"[('방정식과 부등식', '연립방정식', '공통근')]",3,1,31,0,4
795,"[('경우의 수', '순열과 조합', '조합')]",3,1,40,0,4
796,"[('다항식', '나머지 정리', '나머지 정리')]",3,1,13,0,3
797,"[('집합과 명제', '명제와 조건', '충분조건, 필요조건'), ('다항식', '나머지 정리', '나머지 정리'), ('집합과 명제', '집합', '집합과 원소')]",3,3,71,0,3
798,"[('실수와 허수', '실수', '무리수가 서로 같을 조건')]",3,1,23,0,4
799,"[('함수', '함수', '함수의 그래프'), ('방정식과 부등식', '일차, 이차방정식', '이차방정식의 해법')]",3,2,69,0,3
800,"[('실수와 허수', '실수', '실수')]",3,1,27,0,4
801,"[('도형의 방정식', '도형의 이동', '평행이동'), ('방정식과 부등식', '이차방정식의 근과 계수의 관계', '이차방정식의 실근의 부호'), ('실수와 허수', '실수', '정수의 분류')]",3,3,69,0,2
802,"[('방정식과 부등식', '이차부등식과 연립이차부등식', '이차부등식의 해법')]",3,1,54,0,2
803,"[('집합과 명제', '집합의 연산법칙', '집합의 연산법칙')]",3,1,56,0,2
804,"[('다항식', '나머지 정리', '나머지 정리')]",3,1,29,0,2
805,"[('경우의 수', '순열과 조합', '순열')]",3,1,56,0,2
806,"[('집합과 명제', '집합', '집합의 포함 관계')]",3,1,48,0,3
807,"[('경우의 수', '경우의 수', '경우의 수')]",3,1,48,0,3
808,"[('함수', '함수', '함수의 그래프')]",3,1,31,0,4
809,"[('방정식과 부등식', '이차방정식과 이차함수', '이차방정식과 이차함수의 관계'), ('도형의 방정식', '평면좌표', '두 점 사이의 거리'), ('경우의 수', '경우의 수', '경우의 수')]",3,3,52,0,4
810,"[('집합과 명제', '집합의 연산법칙', '집합의 연산법칙')]",3,1,59,0,1
811,"[('방정식과 부등식', '일차, 이차방정식', '일차방정식의 해법')]",3,1,7,0,3
812,"[('경우의 수', '순열과 조합', '조합')]",3,1,39,0,2
813,"[('실수와 허수', '실수', '정수의 분류')]",3,1,58,0,4
814,"[('다항식', '인수분해', '다항식의 최대공약수와 최소공배수')]",3,1,8,0,4
815,"[('함수', '다항함수의 그래프', '이차함수의 그래프')]",3,1,57,0,2
816,"[('도형의 방정식', '도형의 이동', '대칭이동')]",3,1,60,0,3
817,"[('실수와 허수', '복소수', '복소수의 연산')]",3,1,35,0,3
818,"[('집합과 명제', '명제의 증명', '절대부등식의 활용')]",3,1,42,0,2
819,"[('실수와 허수', '실수', '제곱근, 세제곱근과 그 연산')]",3,1,33,0,2
820,"[('함수', '합성함수와 역함수', '합성함수')]",3,1,24,0,1
821,"[('실수와 허수', '실수', '실수'), ('함수', '무리함수의 그래프', '무리함수의 그래프'), ('함수', '무리함수의 그래프', '무리함수의 그래프')]",3,3,79,0,3
822,"[('도형의 방정식', '도형의 이동', '평행이동'), ('도형의 방정식', '원의 방정식', '두 원의 위치 관계')]",3,2,74,0,1
823,"[('집합과 명제', '명제의 증명', '명제의 증명'), ('도형의 방정식', '직선의 방정식', '점과 직선 사이의 거리')]",3,2,39,0,4
824,"[('집합과 명제', '집합의 연산법칙', '유한집합의 원소의 개수')]",3,1,57,0,2
825,"[('방정식과 부등식', '연립방정식', '공통근')]",3,1,36,0,3
826,"[('다항식', '인수분해', '인수분해의 기본 공식')]",3,1,5,0,2
827,"[('도형의 방정식', '원의 방정식', '두 원의 위치 관계')]",3,1,22,0,4
828,"[('도형의 방정식', '원의 방정식', '자취 문제(원)')]",3,1,46,0,4
829,"[('도형의 방정식', '원의 방정식', '자취 문제(원)')]",3,1,8,0,3
830,"[('경우의 수', '순열과 조합', '순열')]",3,1,40,0,3
831,"[('경우의 수', '경우의 수', '경우의 수')]",3,1,17,0,4
832,"[('실수와 허수', '실수', '무리수가 서로 같을 조건')]",3,1,14,0,4
833,"[('함수', '합성함수와 역함수', '합성함수')]",3,1,25,0,1
834,"[('경우의 수', '경우의 수', '경우의 수')]",3,1,13,0,4
835,"[('실수와 허수', '복소수', '허수와 복소수')]",3,1,38,0,3
836,"[('다항식', '다항식의 연산', '곱셈공식'), ('집합과 명제', '집합', '합집합, 교집합, 여집합, 차집합'), ('방정식과 부등식', '이차방정식의 판별식', '판별식의 활용')]",3,3,49,0,1
837,"[('실수와 허수', '복소수', '허수와 복소수')]",3,1,50,0,3
838,"[('도형의 방정식', '평면좌표', '선분의 내분점과 외분점')]",3,1,52,0,1
839,"[('실수와 허수', '복소수', '복소수의 연산')]",3,1,63,0,1
840,"[('집합과 명제', '집합', '집합과 원소')]",3,1,34,0,4
841,"[('함수', '다항함수의 그래프', '간단한 삼차함수의 그래프')]",3,1,7,0,2
842,"[('실수와 허수', '실수', '실수')]",3,1,49,0,3
843,"[('방정식과 부등식', '최대와 최소', '판별식을 이용하는 최대와 최소')]",3,1,10,0,2
844,"[('경우의 수', '경우의 수', '경우의 수')]",3,1,9,0,1
845,"[('도형의 방정식', '도형의 이동', '평행이동')]",3,1,31,0,4
846,"[('집합과 명제', '명제와 조건', '명제와 조건')]",3,1,12,0,4
847,"[('방정식과 부등식', '일차부등식과 연립일차부등식', '부등식의 성질과 일차부등식의 해법')]",3,1,56,0,2
848,"[('집합과 명제', '집합', '집합의 포함 관계')]",3,1,62,0,1
849,"[('실수와 허수', '복소수', '허수와 복소수')]",3,1,30,0,3
850,"[('함수', '함수', '함수의 그래프'), ('도형의 방정식', '도형의 이동', '대칭이동')]",3,2,45,0,3
851,"[('실수와 허수', '실수', '실수')]",3,1,65,0,2
852,"[('집합과 명제', '집합의 연산법칙', '유한집합의 원소의 개수')]",3,1,46,0,4
853,"[('집합과 명제', '명제의 증명', '절대부등식의 활용')]",3,1,39,0,3
854,"[('집합과 명제', '명제와 조건', '명제와 조건'), ('방정식과 부등식', '일차부등식과 연립일차부등식', '부등식의 성질과 일차부등식의 해법')]",3,2,63,0,1
855,"[('함수', '무리함수의 그래프', '무리식')]",3,1,62,0,4
856,"[('경우의 수', '경우의 수', '경우의 수'), ('실수와 허수', '실수', '정수의 분류'), ('도형의 방정식', '평면좌표', '두 점 사이의 거리')]",3,3,58,0,2
857,"[('집합과 명제', '집합의 연산법칙', '집합의 연산법칙')]",3,1,13,0,4
858,"[('집합과 명제', '집합', '집합의 포함 관계')]",3,1,8,0,1
859,"[('함수', '무리함수의 그래프', '무리식')]",3,1,32,0,2
860,"[('집합과 명제', '집합의 연산법칙', '집합의 연산법칙'), ('방정식과 부등식', '연립방정식', '연립일차방정식의 해법')]",3,2,32,0,3
861,"[('함수', '무리함수의 그래프', '무리함수의 그래프')]",3,1,41,0,2
862,"[('실수와 허수', '복소수', '허수와 복소수')]",3,1,45,0,4
863,"[('도형의 방정식', '도형의 이동', '평행이동')]",3,1,36,0,2
864,"[('집합과 명제', '명제와 조건', '명제의 역과 대우'), ('다항식', '나머지 정리', '인수정리와 고차식의 인수분해'), ('다항식', '나머지 정리', '나머지 정리')]",3,3,77,0,1
865,"[('집합과 명제', '명제와 조건', '명제의 역과 대우')]",3,1,11,0,2
866,"[('다항식', '나머지 정리', '인수정리와 고차식의 인수분해')]",3,1,55,0,2
867,"[('함수', '무리함수의 그래프', '무리함수의 그래프')]",3,1,51,0,2
868,"[('방정식과 부등식', '이차방정식과 이차함수', '이차방정식의 근의 분리'), ('다항식', '항등식과 미정계수', '다항식의 나눗셈과 항등식'), ('경우의 수', '순열과 조합', '순열')]",3,3,46,0,1
869,"[('집합과 명제', '명제와 조건', '명제와 조건'), ('실수와 허수', '실수', '제곱근, 세제곱근과 그 연산')]",3,2,48,0,1
870,"[('방정식과 부등식', '삼차방정식과 사차방정식', '삼차방정식과 사차방정식의 해법'), ('경우의 수', '경우의 수', '경우의 수')]",3,2,25,0,2
871,"[('함수', '합성함수와 역함수', '합성함수')]",3,1,58,0,4
872,"[('다항식', '항등식과 미정계수', '다항식의 나눗셈과 항등식')]",3,1,42,0,4
873,"[('경우의 수', '순열과 조합', '조합')]",3,1,27,0,1
874,"[('실수와 허수', '복소수', '복소수의 연산')]",3,1,61,0,4
875,"[('경우의 수', '순열과 조합', '조합')]",3,1,32,0,1
876,"[('다항식', '나머지 정리', '인수정리와 고차식의 인수분해')]",3,1,13,0,2
877,"[('경우의 수', '순열과 조합', '순열')]",3,1,57,0,4
878,"[('경우의 수', '경우의 수', '경우의 수')]",3,1,35,0,4
879,"[('실수와 허수', '실수', '무리수가 서로 같을 조건')]",3,1,33,0,2
880,"[('도형의 방정식', '평면좌표', '두 점 사이의 거리')]",3,1,35,0,1
881,"[('다항식', '항등식과 미정계수', '다항식의 나눗셈과 항등식')]",3,1,8,0,3
882,"[('방정식과 부등식', '이차방정식과 이차함수', '이차방정식의 근의 분리')]",3,1,7,0,3
883,"[('실수와 허수', '복소수', '복소수의 연산')]",3,1,58,0,2
884,"[('방정식과 부등식', '이차방정식의 판별식', '이차방정식의 판별식')]",3,1,35,0,3
885,"[('경우의 수', '경우의 수', '경우의 수')]",3,1,58,0,3
886,"[('실수와 허수', '실수', '정수의 분류'), ('방정식과 부등식', '삼차방정식과 사차방정식', '삼차방정식과 사차방정식의 해법'), ('집합과 명제', '명제의 증명', '명제의 증명')]",3,3,68,0,2
887,"[('경우의 수', '경우의 수', '경우의 수')]",3,1,34,0,1
888,"[('집합과 명제', '집합의 연산법칙', '집합의 연산법칙')]",3,1,24,0,2
889,"[('실수와 허수', '실수', '제곱근, 세제곱근과 그 연산')]",3,1,14,0,1
890,"[('도형의 방정식', '원의 방정식', '자취 문제(원)')]",3,1,12,0,4
891,"[('다항식', '인수분해', '기본 공식의 활용')]",3,1,18,0,1
892,"[('다항식', '항등식과 미정계수', '항등식의 성질과 미정계수법')]",3,1,65,0,4
893,"[('도형의 방정식', '도형의 이동', '평행이동')]",3,1,28,0,2
894,"[('경우의 수', '순열과 조합', '순열'), ('방정식과 부등식', '이차방정식과 이차함수', '이차방정식과 이차함수의 관계'), ('다항식', '다항식의 연산', '곱셈공식')]",3,3,44,0,2
895,"[('경우의 수', '순열과 조합', '조합')]",3,1,17,0,3
896,"[('집합과 명제', '집합의 연산법칙', '집합의 연산법칙')]",3,1,9,0,1
897,"[('함수', '무리함수의 그래프', '무리식'), ('방정식과 부등식', '이차방정식의 근과 계수의 관계', '이차방정식의 근과 계수의 관계'), ('다항식', '인수분해', '다항식의 최대공약수와 최소공배수')]",3,3,49,0,3
898,"[('집합과 명제', '명제와 조건', '충분조건, 필요조건'), ('함수', '다항함수의 그래프', '절댓값 기호가 있는 방정식의 그래프'), ('도형의 방정식', '도형의 이동', '평행이동')]",3,3,62,0,1
899,"[('도형의 방정식', '원의 방정식', '두 원의 위치 관계')]",3,1,18,0,2
900,"[('경우의 수', '순열과 조합', '조합')]",3,1,5,0,3
901,"[('다항식', '나머지 정리', '인수정리와 고차식의 인수분해')]",3,1,45,0,3
902,"[('방정식과 부등식', '이차방정식의 근과 계수의 관계', '이차방정식의 실근의 부호')]",3,1,60,0,2
903,"[('실수와 허수', '복소수', '복소수의 연산')]",3,1,52,0,3
904,"[('실수와 허수', '복소수', '복소수의 연산')]",3,1,32,0,2
905,"[('함수', '무리함수의 그래프', '무리함수의 그래프')]",3,1,54,0,4
906,"[('도형의 방정식', '원의 방정식', '원과 직선의 위치 관계')]",3,1,59,0,4
907,"[('도형의 방정식', '도형의 이동', '평행이동')]",3,1,7,0,2
908,"[('도형의 방정식', '도형의 이동', '평행이동')]",3,1,22,0,1
909,"[('방정식과 부등식', '이차방정식과 이차함수', '포물선과 직선의 위치 관계')]",3,1,55,0,1
910,"[('실수와 허수', '실수', '정수의 분류')]",3,1,10,0,2
911,"[('실수와 허수', '실수', '실수')]",3,1,51,0,4
912,"[('집합과 명제', '명제와 조건', '명제의 역과 대우')]",3,1,54,0,3
913,"[('방정식과 부등식', '일차, 이차방정식', '일차방정식의 해법')]",3,1,46,0,3
914,"[('실수와 허수', '복소수', '허수와 복소수'), ('방정식과 부등식', '최대와 최소', '이차함수의 최대와 최소')]",3,2,65,0,4
915,"[('경우의 수', '경우의 수', '경우의 수')]",3,1,42,0,3
916,"[('다항식', '나머지 정리', '나머지 정리')]",3,1,30,0,3
917,"[('다항식', '나머지 정리', '나머지 정리')]",3,1,51,0,1
918,"[('실수와 허수', '복소수', '복소수의 연산')]",3,1,6,0,1
919,"[('도형의 방정식', '원의 방정식', '자취 문제(원)')]",3,1,7,0,3
920,"[('함수', '합성함수와 역함수', '역함수')]",3,1,22,0,2
921,"[('도형의 방정식', '도형의 이동', '평행이동')]",3,1,35,0,3
922,"[('경우의 수', '순열과 조합', '조합')]",3,1,46,0,1
923,"[('집합과 명제', '집합', '집합의 포함 관계')]",3,1,17,0,1
924,"[('집합과 명제', '집합', '집합의 포함 관계')]",3,1,55,0,4
925,"[('실수와 허수', '실수', '정수의 분류')]",3,1,14,0,2
926,"[('함수', '유리함수의 그래프', '유리식')]",3,1,58,0,4
927,"[('도형의 방정식', '도형의 이동', '대칭이동'), ('방정식과 부등식', '최대와 최소', '이차함수의 최대와 최소')]",3,2,69,0,3
928,"[('다항식', '나머지 정리', '나머지 정리')]",3,1,53,0,4
929,"[('경우의 수', '순열과 조합', '순열')]",3,1,42,0,3
930,"[('방정식과 부등식', '연립방정식', '부정방정식')]",3,1,31,0,4
931,"[('집합과 명제', '명제와 조건', '명제의 역과 대우')]",3,1,8,0,4
932,"[('다항식', '인수분해', '인수분해의 기본 공식')]",3,1,28,0,4
933,"[('실수와 허수', '복소수', '복소수의 연산'), ('방정식과 부등식', '이차부등식과 연립이차부등식', '이차부등식의 해법')]",3,2,69,0,1
934,"[('경우의 수', '순열과 조합', '조합')]",3,1,13,0,1
935,"[('방정식과 부등식', '이차방정식의 판별식', '이차방정식의 판별식'), ('다항식', '다항식의 연산', '다항식의 정리'), ('경우의 수', '경우의 수', '경우의 수')]",3,3,80,0,4
936,"[('함수', '다항함수의 그래프', '일차함수의 그래프')]",3,1,30,0,2
937,"[('도형의 방정식', '원의 방정식', '원과 직선의 위치 관계')]",3,1,59,0,3
938,"[('도형의 방정식', '도형의 이동', '대칭이동')]",3,1,48,0,2
939,"[('함수', '함수', '일대일대응')]",3,1,8,0,4
940,"[('함수', '유리함수의 그래프', '유리식')]",3,1,19,0,4
941,"[('집합과 명제', '집합', '합집합, 교집합, 여집합, 차집합')]",3,1,26,0,1
942,"[('함수', '함수', '일대일대응'), ('다항식', '나머지 정리', '인수정리와 고차식의 인수분해')]",3,2,29,0,4
943,"[('실수와 허수', '실수', '실수')]",3,1,64,0,2
944,"[('함수', '무리함수의 그래프', '무리함수의 그래프')]",3,1,15,0,2
945,"[('실수와 허수', '실수', '정수의 분류')]",3,1,35,0,1
946,"[('집합과 명제', '집합의 연산법칙', '유한집합의 원소의 개수')]",3,1,43,0,4
947,"[('함수', '함수', '함수')]",3,1,52,0,4
948,"[('집합과 명제', '명제와 조건', '명제와 조건'), ('경우의 수', '경우의 수', '경우의 수'), ('방정식과 부등식', '이차방정식의 판별식', '이차방정식의 판별식')]",3,3,41,0,2
949,"[('도형의 방정식', '직선의 방정식', '점과 직선 사이의 거리')]",3,1,43,0,4
950,"[('다항식', '항등식과 미정계수', '다항식의 나눗셈과 항등식')]",3,1,38,0,3
951,"[('방정식과 부등식', '이차부등식과 연립이차부등식', '연립이차부등식의 해법')]",3,1,14,0,4
952,"[('함수', '함수', '일대일대응')]",3,1,9,0,1
953,"[('다항식', '항등식과 미정계수', '항등식의 성질과 미정계수법'), ('도형의 방정식', '도형의 이동', '대칭이동')]",3,2,49,0,1
954,"[('방정식과 부등식', '이차방정식의 근과 계수의 관계', '이차방정식의 실근의 부호')]",3,1,47,0,1
955,"[('도형의 방정식', '원의 방정식', '자취 문제(원)')]",3,1,27,0,4
956,"[('다항식', '항등식과 미정계수', '항등식의 성질과 미정계수법')]",3,1,40,0,3
957,"[('경우의 수', '순열과 조합', '조합')]",3,1,32,0,1
958,"[('경우의 수', '순열과 조합', '순열')]",3,1,49,0,1
959,"[('경우의 수', '경우의 수', '경우의 수')]",3,1,16,0,4
960,"[('다항식', '나머지 정리', '나머지 정리')]",3,1,30,0,2
961,"[('함수', '함수', '일대일대응'), ('다항식', '인수분해', '다항식의 최대공약수와 최소공배수'), ('다항식', '항등식과 미정계수', '항등식의 성질과 미정계수법')]",3,3,57,0,4
962,"[('함수', '유리함수의 그래프', '유리함수의 그래프'), ('집합과 명제', '집합의 연산법칙', '집합의 연산법칙'), ('다항식', '나머지 정리', '나머지 정리')]",3,3,60,0,2
963,"[('방정식과 부등식', '일차, 이차방정식', '일차방정식의 해법')]",3,1,40,0,3
964,"[('다항식', '인수분해', '기본 공식의 활용')]",3,1,21,0,1
965,"[('다항식', '인수분해', '기본 공식의 활용')]",3,1,16,0,1
966,"[('다항식', '항등식과 미정계수', '항등식의 성질과 미정계수법'), ('함수', '함수', '함수의 그래프'), ('방정식과 부등식', '삼차방정식과 사차방정식', '삼차방정식의 근과 계수의 관계')]",3,3,61,0,1
967,"[('집합과 명제', '집합', '합집합, 교집합, 여집합, 차집합')]",3,1,59,0,4
968,"[('경우의 수', '경우의 수', '경우의 수')]",3,1,5,0,3
969,"[('실수와 허수', '실수', '제곱근, 세제곱근과 그 연산')]",3,1,57,0,4
970,"[('다항식', '인수분해', '다항식의 최대공약수와 최소공배수'), ('실수와 허수', '복소수', '허수와 복소수')]",3,2,43,0,1
971,"[('실수와 허수', '실수', '제곱근, 세제곱근과 그 연산')]",3,1,37,0,2
972,"[('실수와 허수', '실수', '무리수가 서로 같을 조건')]",3,1,35,0,3
973,"[('방정식과 부등식', '이차방정식의 근과 계수의 관계', '이차방정식의 실근의 부호')]",3,1,6,0,4
974,"[('방정식과 부등식', '이차부등식과 연립이차부등식', '이차부등식의 해법')]",3,1,28,0,1
975,"[('집합과 명제', '집합', '합집합, 교집합, 여집합, 차집합')]",3,1,32,0,2
976,"[('함수', '함수', '함수')]",3,1,35,0,3
977,"[('집합과 명제', '집합', '합집합, 교집합, 여집합, 차집합')]",3,1,15,0,3
978,"[('함수', '다항함수의 그래프', '이차함수의 그래프')]",3,1,6,0,3
979,"[('도형의 방정식', '원의 방정식', '원과 직선의 위치 관계')]",3,1,52,0,1
980,"[('도형의 방정식', '직선의 방정식', '직선의 방정식')]",3,1,28,0,3
981,"[('경우의 수', '순열과 조합', '순열')]",3,1,34,0,2
982,"[('집합과 명제', '명제와 조건', '충분조건, 필요조건')]",3,1,19,0,1
983,"[('방정식과 부등식', '이차방정식과 이차함수', '이차방정식의 근의 분리')]",3,1,45,0,1
984,"[('방정식과 부등식', '이차방정식의 판별식', '이차방정식의 판별식')]",3,1,5,0,4
985,"[('집합과 명제', '집합의 연산법칙', '집합의 연산법칙')]",3,1,18,0,3
986,"[('경우의 수', '경우의 수', '경우의 수')]",3,1,50,0,4
987,"[('다항식', '항등식과 미정계수', '다항식의 나눗셈과 항등식')]",3,1,42,0,1
988,"[('함수', '함수', '일대일대응')]",3,1,32,0,1
989,"[('함수', '합성함수와 역함수', '역함수')]",3,1,8,0,3
990,"[('집합과 명제', '명제의 증명', '절대부등식의 활용')]",3,1,24,0,2
991,"[('함수', '유리함수의 그래프', '유리함수의 그래프')]",3,1,26,0,2
992,"[('방정식과 부등식', '이차방정식과 이차함수', '포물선과 직선의 위치 관계')]",3,1,34,0,3
993,"[('다항식', '항등식과 미정계수', '항등식의 성질과 미정계수법'), ('다항식', '항등식과 미정계수', '항등식의 성질과 미정계수법')]",3,2,47,0,1
994,"[('도형의 방정식', '원의 방정식', '원과 직선의 위치 관계')]",3,1,57,0,1
995,"[('방정식과 부등식', '일차부등식과 연립일차부등식', '여러 가지 부등식')]",3,1,28,0,3
996,"[('함수', '무리함수의 그래프', '무리식')]",3,1,45,0,2
997,"[('방정식과 부등식', '일차, 이차방정식', '일차방정식의 해법')]",3,1,25,0,1
998,"[('다항식', '항등식과 미정계수', '다항식의 나눗셈과 항등식')]",3,1,25,0,1
999,"[('다항식', '나머지 정리', '인수정리와 고차식의 인수분해'), ('방정식과 부등식', '삼차방정식과 사차방정식', '삼차방정식과 사차방정식의 해법'), ('경우의 수', '순열과 조합', '조합')]",3,3,51,0,1
