,pcode,domain,depth,complexity,difficulty,error,answer,correct
0,0,"[('실수와 허수', '복소수', '허수와 복소수')]",3,1,34,0,2,0
1,1,"[('경우의 수', '경우의 수', '경우의 수')]",3,1,65,0,2,1
2,2,"[('방정식과 부등식', '최대와 최소', '제한된 범위에서의 최대와 최소')]",3,1,57,0,1,1
3,3,"[('다항식', '인수분해', '인수분해의 기본 공식')]",3,1,32,0,2,1
4,4,"[('실수와 허수', '실수', '무리수가 서로 같을 조건')]",3,1,50,0,3,1
5,5,"[('집합과 명제', '집합의 연산법칙', '유한집합의 원소의 개수')]",3,1,37,0,3,0
6,6,"[('도형의 방정식', '원의 방정식', '두 원의 위치 관계')]",3,1,43,0,4,0
7,7,"[('함수', '무리함수의 그래프', '무리식')]",3,1,32,0,1,1
8,8,"[('실수와 허수', '실수', '제곱근, 세제곱근과 그 연산')]",3,1,6,0,2,0
9,9,"[('방정식과 부등식', '삼차방정식과 사차방정식', '삼차방정식의 근과 계수의 관계')]",3,1,24,0,1,1
10,10,"[('함수', '무리함수의 그래프', '무리함수의 그래프')]",3,1,18,0,2,1
11,11,"[('다항식', '항등식과 미정계수', '항등식의 성질과 미정계수법')]",3,1,31,0,4,1
12,12,"[('방정식과 부등식', '일차부등식과 연립일차부등식', '부등식의 성질과 일차부등식의 해법')]",3,1,5,0,2,1
13,13,"[('집합과 명제', '명제와 조건', '충분조건, 필요조건')]",3,1,54,0,4,0
14,14,"[('다항식', '항등식과 미정계수', '다항식의 나눗셈과 항등식')]",3,1,54,0,3,0
15,15,"[('도형의 방정식', '원의 방정식', '원과 직선의 위치 관계')]",3,1,7,0,1,1
16,16,"[('집합과 명제', '명제의 증명', '명제의 증명')]",3,1,15,0,4,1
17,17,"[('집합과 명제', '명제의 증명', '명제의 증명')]",3,1,35,0,4,0
18,18,"[('방정식과 부등식', '일차, 이차방정식', '일차방정식의 해법'), ('함수', '합성함수와 역함수', '역함수'), ('실수와 허수', '실수', '정수의 분류')]",3,3,40,0,2,1
19,19,"[('다항식', '인수분해', '기본 공식의 활용')]",3,1,27,0,4,0
20,20,"[('함수', '다항함수의 그래프', '일차함수의 그래프')]",3,1,12,0,1,1
21,21,"[('실수와 허수', '실수', '무리수가 서로 같을 조건'), ('경우의 수', '순열과 조합', '순열'), ('방정식과 부등식', '삼차방정식과 사차방정식', '삼차방정식의 근과 계수의 관계')]",3,3,40,0,2,0
22,22,"[('실수와 허수', '실수', '무리수가 서로 같을 조건')]",3,1,9,0,1,1
23,23,"[('실수와 허수', '실수', '정수의 분류')]",3,1,26,0,3,1
24,24,"[('다항식', '나머지 정리', '인수정리와 고차식의 인수분해'), ('경우의 수', '경우의 수', '경우의 수')]",3,2,59,0,2,1
25,25,"[('방정식과 부등식', '일차, 이차방정식', '이차방정식의 해법')]",3,1,38,0,4,1
26,26,"[('방정식과 부등식', '이차방정식의 근과 계수의 관계', '이차방정식의 정수근')]",3,1,47,0,2,0
27,27,"[('방정식과 부등식', '이차방정식의 판별식', '판별식의 활용')]",3,1,58,0,4,1
28,28,"[('함수', '무리함수의 그래프', '무리함수의 그래프')]",3,1,8,0,1,1
29,29,"[('경우의 수', '경우의 수', '경우의 수')]",3,1,48,0,2,1
30,30,"[('집합과 명제', '명제의 증명', '절대부등식의 증명')]",3,1,6,0,2,1
31,31,"[('도형의 방정식', '직선의 방정식', '직선의 방정식')]",3,1,35,0,2,1
32,32,"[('도형의 방정식', '평면좌표', '선분의 내분점과 외분점')]",3,1,48,0,1,1
33,33,"[('방정식과 부등식', '최대와 최소', '판별식을 이용하는 최대와 최소')]",3,1,46,0,2,1
34,34,"[('다항식', '항등식과 미정계수', '다항식의 나눗셈과 항등식')]",3,1,28,0,3,0
35,35,"[('집합과 명제', '집합의 연산법칙', '집합의 연산법칙')]",3,1,22,0,1,1
36,36,"[('방정식과 부등식', '이차방정식의 판별식', '이차방정식의 판별식')]",3,1,7,0,1,1
37,37,"[('집합과 명제', '집합의 연산법칙', '유한집합의 원소의 개수')]",3,1,26,0,2,1
38,38,"[('함수', '함수', '함수'), ('다항식', '항등식과 미정계수', '항등식의 성질과 미정계수법')]",3,2,35,0,4,1
39,39,"[('경우의 수', '경우의 수', '경우의 수'), ('방정식과 부등식', '이차방정식의 근과 계수의 관계', '이차방정식의 실근의 부호')]",3,2,69,0,3,0
40,40,"[('방정식과 부등식', '이차부등식과 연립이차부등식', '이차부등식의 해법')]",3,1,24,0,1,1
41,41,"[('경우의 수', '경우의 수', '경우의 수')]",3,1,54,0,4,0
42,42,"[('함수', '함수', '함수의 그래프')]",3,1,7,0,4,1
43,43,"[('함수', '함수', '일대일대응')]",3,1,19,0,4,0
44,44,"[('다항식', '항등식과 미정계수', '다항식의 나눗셈과 항등식'), ('실수와 허수', '실수', '실수'), ('집합과 명제', '집합', '집합과 원소')]",3,3,69,0,4,1
45,45,"[('방정식과 부등식', '최대와 최소', '제한된 범위에서의 최대와 최소')]",3,1,17,0,3,1
46,46,"[('방정식과 부등식', '일차부등식과 연립일차부등식', '여러 가지 부등식'), ('함수', '무리함수의 그래프', '무리함수의 그래프'), ('실수와 허수', '실수', '제곱근, 세제곱근과 그 연산')]",3,3,54,0,3,1
47,47,"[('실수와 허수', '복소수', '허수와 복소수')]",3,1,56,0,4,1
48,48,"[('집합과 명제', '명제와 조건', '명제와 조건')]",3,1,42,0,1,1
49,49,"[('방정식과 부등식', '이차부등식과 연립이차부등식', '이차부등식의 해법'), ('경우의 수', '경우의 수', '경우의 수'), ('도형의 방정식', '평면좌표', '선분의 내분점과 외분점')]",3,3,72,0,2,1
50,50,"[('경우의 수', '순열과 조합', '조합'), ('실수와 허수', '복소수', '복소수의 연산')]",3,2,63,0,2,1
51,51,"[('다항식', '나머지 정리', '나머지 정리')]",3,1,64,0,3,1
52,52,"[('다항식', '나머지 정리', '나머지 정리')]",3,1,39,0,4,1
53,53,"[('함수', '합성함수와 역함수', '합성함수')]",3,1,61,0,1,0
54,54,"[('실수와 허수', '복소수', '복소수의 연산')]",3,1,60,0,2,1
55,55,"[('방정식과 부등식', '이차방정식과 이차함수', '이차방정식과 이차함수의 관계')]",3,1,34,0,1,1
56,56,"[('실수와 허수', '복소수', '복소수의 연산')]",3,1,61,0,4,1
57,57,"[('집합과 명제', '집합', '집합과 원소')]",3,1,52,0,4,1
58,58,"[('집합과 명제', '집합의 연산법칙', '집합의 연산법칙')]",3,1,28,0,4,1
59,59,"[('함수', '무리함수의 그래프', '무리함수의 그래프')]",3,1,61,0,1,1
60,60,"[('도형의 방정식', '직선의 방정식', '자취 문제(직선)'), ('방정식과 부등식', '이차방정식의 근과 계수의 관계', '이차방정식의 정수근'), ('실수와 허수', '실수', '실수')]",3,3,69,0,2,1
61,61,"[('함수', '다항함수의 그래프', '이차함수의 그래프'), ('다항식', '인수분해', '인수분해의 기본 공식')]",3,2,41,0,2,1
62,62,"[('경우의 수', '경우의 수', '경우의 수'), ('실수와 허수', '실수', '정수의 분류'), ('도형의 방정식', '원의 방정식', '자취 문제(원)')]",3,3,47,0,3,0
63,63,"[('경우의 수', '경우의 수', '경우의 수'), ('집합과 명제', '집합의 연산법칙', '유한집합의 원소의 개수')]",3,2,33,0,4,1
64,64,"[('도형의 방정식', '평면좌표', '두 점 사이의 거리'), ('집합과 명제', '명제의 증명', '절대부등식의 활용')]",3,2,68,0,1,1
65,65,"[('경우의 수', '순열과 조합', '조합')]",3,1,42,0,4,1
66,66,"[('도형의 방정식', '직선의 방정식', '점과 직선 사이의 거리')]",3,1,26,0,2,0
67,67,"[('실수와 허수', '실수', '무리수가 서로 같을 조건')]",3,1,6,0,2,1
68,68,"[('집합과 명제', '집합의 연산법칙', '집합의 연산법칙')]",3,1,24,0,3,1
69,69,"[('방정식과 부등식', '이차부등식과 연립이차부등식', '연립이차부등식의 해법')]",3,1,21,0,4,1
70,70,"[('경우의 수', '순열과 조합', '조합')]",3,1,49,0,2,1
71,71,"[('도형의 방정식', '직선의 방정식', '자취 문제(직선)'), ('도형의 방정식', '직선의 방정식', '방정식의 그래프')]",3,2,55,0,3,0
72,72,"[('경우의 수', '순열과 조합', '순열'), ('경우의 수', '순열과 조합', '조합'), ('집합과 명제', '명제와 조건', '충분조건, 필요조건')]",3,3,42,0,2,1
73,73,"[('함수', '함수', '함수의 그래프')]",3,1,15,0,2,0
74,74,"[('실수와 허수', '실수', '무리수가 서로 같을 조건')]",3,1,43,0,2,1
75,75,"[('경우의 수', '경우의 수', '경우의 수'), ('다항식', '나머지 정리', '나머지 정리')]",3,2,68,0,1,1
76,76,"[('다항식', '항등식과 미정계수', '항등식의 성질과 미정계수법')]",3,1,7,0,4,1
77,77,"[('집합과 명제', '집합의 연산법칙', '집합의 연산법칙'), ('다항식', '다항식의 연산', '다항식의 곱셈, 나눗셈'), ('집합과 명제', '집합', '합집합, 교집합, 여집합, 차집합')]",3,3,57,0,4,1
78,78,"[('실수와 허수', '복소수', '허수와 복소수')]",3,1,55,0,3,1
79,79,"[('방정식과 부등식', '일차부등식과 연립일차부등식', '부등식의 성질과 일차부등식의 해법')]",3,1,61,0,1,1
80,80,"[('경우의 수', '순열과 조합', '조합'), ('방정식과 부등식', '삼차방정식과 사차방정식', '삼차방정식과 사차방정식의 해법'), ('경우의 수', '순열과 조합', '순열')]",3,3,85,0,1,0
81,81,"[('경우의 수', '경우의 수', '경우의 수')]",3,1,11,0,2,1
82,82,"[('함수', '무리함수의 그래프', '무리함수의 그래프')]",3,1,5,0,4,1
83,83,"[('실수와 허수', '실수', '제곱근, 세제곱근과 그 연산')]",3,1,64,0,3,0
84,84,"[('함수', '유리함수의 그래프', '유리식')]",3,1,23,0,2,1
85,85,"[('도형의 방정식', '도형의 이동', '평행이동')]",3,1,53,0,2,1
86,86,"[('다항식', '항등식과 미정계수', '다항식의 나눗셈과 항등식')]",3,1,45,0,3,1
87,87,"[('도형의 방정식', '직선의 방정식', '점과 직선 사이의 거리')]",3,1,24,0,1,1
88,88,"[('다항식', '인수분해', '다항식의 최대공약수와 최소공배수')]",3,1,20,0,2,1
89,89,"[('다항식', '항등식과 미정계수', '다항식의 나눗셈과 항등식'), ('경우의 수', '순열과 조합', '조합'), ('실수와 허수', '복소수', '허수와 복소수')]",3,3,74,0,4,1
90,90,"[('다항식', '나머지 정리', '인수정리와 고차식의 인수분해'), ('도형의 방정식', '도형의 이동', '평행이동'), ('경우의 수', '순열과 조합', '조합')]",3,3,58,0,3,0
91,91,"[('다항식', '다항식의 연산', '다항식의 정리')]",3,1,53,0,4,1
92,92,"[('경우의 수', '순열과 조합', '순열')]",3,1,30,0,3,1
93,93,"[('집합과 명제', '집합', '집합과 원소')]",3,1,9,0,2,0
94,94,"[('도형의 방정식', '직선의 방정식', '자취 문제(직선)')]",3,1,13,0,3,1
95,95,"[('함수', '다항함수의 그래프', '간단한 삼차함수의 그래프')]",3,1,53,0,1,1
96,96,"[('경우의 수', '순열과 조합', '조합')]",3,1,56,0,2,1
97,97,"[('방정식과 부등식', '이차방정식과 이차함수', '이차방정식과 이차함수의 관계')]",3,1,6,0,4,1
98,98,"[('다항식', '다항식의 연산', '다항식의 곱셈, 나눗셈')]",3,1,12,0,4,1
99,99,"[('경우의 수', '경우의 수', '경우의 수')]",3,1,18,0,2,1
100,100,"[('방정식과 부등식', '이차방정식의 판별식', '판별식의 활용')]",3,1,31,0,3,1
101,101,"[('방정식과 부등식', '삼차방정식과 사차방정식', '삼차방정식의 근과 계수의 관계'), ('집합과 명제', '명제와 조건', '명제와 조건'), ('경우의 수', '경우의 수', '경우의 수')]",3,3,45,0,4,1
102,102,"[('실수와 허수', '복소수', '복소수의 연산')]",3,1,65,0,4,0
103,103,"[('실수와 허수', '복소수', '복소수의 연산')]",3,1,61,0,2,1
104,104,"[('함수', '다항함수의 그래프', '절댓값 기호가 있는 방정식의 그래프'), ('도형의 방정식', '도형의 이동', '평행이동'), ('도형의 방정식', '원의 방정식', '두 원의 위치 관계')]",3,3,64,0,2,1
105,105,"[('집합과 명제', '명제와 조건', '충분조건, 필요조건')]",3,1,29,0,2,1
106,106,"[('다항식', '인수분해', '기본 공식의 활용')]",3,1,25,0,3,1
107,107,"[('경우의 수', '순열과 조합', '순열'), ('함수', '합성함수와 역함수', '합성함수'), ('집합과 명제', '명제와 조건', '충분조건, 필요조건')]",3,3,47,0,3,1
108,108,"[('실수와 허수', '실수', '실수')]",3,1,63,0,2,0
109,109,"[('집합과 명제', '집합의 연산법칙', '유한집합의 원소의 개수')]",3,1,46,0,3,1
110,110,"[('도형의 방정식', '원의 방정식', '원의 방정식')]",3,1,47,0,2,0
111,111,"[('실수와 허수', '복소수', '허수와 복소수')]",3,1,65,0,4,0
112,112,"[('집합과 명제', '집합의 연산법칙', '집합의 연산법칙')]",3,1,19,0,4,0
113,113,"[('도형의 방정식', '도형의 이동', '대칭이동'), ('방정식과 부등식', '일차부등식과 연립일차부등식', '여러 가지 부등식'), ('도형의 방정식', '직선의 방정식', '자취 문제(직선)')]",3,3,45,0,1,1
114,114,"[('도형의 방정식', '직선의 방정식', '직선의 방정식')]",3,1,36,0,4,0
115,115,"[('도형의 방정식', '직선의 방정식', '직선의 방정식')]",3,1,25,0,4,1
116,116,"[('경우의 수', '경우의 수', '경우의 수')]",3,1,26,0,4,1
117,117,"[('방정식과 부등식', '일차, 이차방정식', '일차방정식의 해법')]",3,1,23,0,4,1
118,118,"[('방정식과 부등식', '최대와 최소', '제한된 범위에서의 최대와 최소'), ('집합과 명제', '집합', '합집합, 교집합, 여집합, 차집합')]",3,2,53,0,4,1
119,119,"[('함수', '다항함수의 그래프', '이차함수의 그래프')]",3,1,62,0,2,0
120,120,"[('방정식과 부등식', '삼차방정식과 사차방정식', '삼차방정식과 사차방정식의 해법')]",3,1,33,0,2,1
121,121,"[('방정식과 부등식', '연립방정식', '공통근')]",3,1,34,0,3,0
122,122,"[('실수와 허수', '복소수', '복소수의 연산'), ('실수와 허수', '복소수', '복소수의 연산'), ('다항식', '다항식의 연산', '다항식의 덧셈, 뺄셈')]",3,3,81,0,3,1
123,123,"[('경우의 수', '경우의 수', '경우의 수')]",3,1,14,0,2,1
124,124,"[('집합과 명제', '명제의 증명', '절대부등식의 증명')]",3,1,56,0,3,1
125,125,"[('함수', '무리함수의 그래프', '무리식')]",3,1,44,0,3,0
126,126,"[('방정식과 부등식', '연립방정식', '부정방정식')]",3,1,34,0,2,1
127,127,"[('집합과 명제', '집합의 연산법칙', '유한집합의 원소의 개수')]",3,1,29,0,2,1
128,128,"[('실수와 허수', '복소수', '허수와 복소수')]",3,1,45,0,3,1
129,129,"[('방정식과 부등식', '일차부등식과 연립일차부등식', '연립일차부등식의 해법'), ('방정식과 부등식', '이차방정식의 근과 계수의 관계', '이차방정식의 근과 계수의 관계'), ('도형의 방정식', '평면좌표', '좌표와 자취')]",3,3,62,0,1,1
130,130,"[('실수와 허수', '실수', '정수의 분류')]",3,1,62,0,1,1
131,131,"[('실수와 허수', '복소수', '복소수의 연산')]",3,1,8,0,2,1
132,132,"[('집합과 명제', '집합의 연산법칙', '집합의 연산법칙')]",3,1,15,0,4,1
133,133,"[('실수와 허수', '복소수', '허수와 복소수')]",3,1,62,0,3,0
134,134,"[('다항식', '항등식과 미정계수', '항등식의 성질과 미정계수법'), ('함수', '함수', '일대일대응')]",3,2,52,0,2,1
135,135,"[('다항식', '다항식의 연산', '곱셈공식')]",3,1,35,0,4,1
136,136,"[('방정식과 부등식', '이차방정식의 판별식', '이차방정식의 판별식')]",3,1,27,0,3,0
137,137,"[('경우의 수', '순열과 조합', '순열'), ('실수와 허수', '실수', '제곱근, 세제곱근과 그 연산')]",3,2,38,0,3,1
138,138,"[('다항식', '다항식의 연산', '다항식의 덧셈, 뺄셈'), ('다항식', '항등식과 미정계수', '다항식의 나눗셈과 항등식'), ('경우의 수', '순열과 조합', '조합')]",3,3,77,0,2,0
139,139,"[('집합과 명제', '집합', '집합과 원소'), ('다항식', '나머지 정리', '나머지 정리'), ('집합과 명제', '집합', '집합의 포함 관계')]",3,3,80,0,1,1
140,140,"[('경우의 수', '순열과 조합', '순열')]",3,1,7,0,2,0
141,141,"[('집합과 명제', '집합', '집합의 포함 관계')]",3,1,50,0,4,0
142,142,"[('실수와 허수', '실수', '정수의 분류')]",3,1,32,0,2,0
143,143,"[('도형의 방정식', '직선의 방정식', '자취 문제(직선)')]",3,1,26,0,2,0
144,144,"[('방정식과 부등식', '최대와 최소', '판별식을 이용하는 최대와 최소')]",3,1,47,0,4,1
145,145,"[('다항식', '나머지 정리', '나머지 정리'), ('함수', '유리함수의 그래프', '유리식'), ('함수', '다항함수의 그래프', '일차함수의 그래프')]",3,3,82,0,2,0
146,146,"[('함수', '다항함수의 그래프', '이차함수의 그래프')]",3,1,18,0,2,1
147,147,"[('다항식', '인수분해', '기본 공식의 활용')]",3,1,6,0,4,1
148,148,"[('경우의 수', '순열과 조합', '순열')]",3,1,15,0,4,0
149,149,"[('경우의 수', '경우의 수', '경우의 수')]",3,1,8,0,1,1
150,150,"[('경우의 수', '순열과 조합', '순열'), ('방정식과 부등식', '연립방정식', '연립일차방정식의 해법')]",3,2,22,0,3,0
151,151,"[('경우의 수', '순열과 조합', '순열')]",3,1,11,0,4,1
152,152,"[('함수', '유리함수의 그래프', '유리식')]",3,1,35,0,3,1
153,153,"[('경우의 수', '순열과 조합', '조합'), ('도형의 방정식', '원의 방정식', '원의 방정식'), ('도형의 방정식', '직선의 방정식', '정점을 지나는 직선')]",3,3,57,0,1,0
154,154,"[('방정식과 부등식', '최대와 최소', '제한된 범위에서의 최대와 최소'), ('실수와 허수', '복소수', '복소수의 연산'), ('다항식', '다항식의 연산', '다항식의 정리')]",3,3,82,0,3,0
155,155,"[('도형의 방정식', '평면좌표', '두 점 사이의 거리')]",3,1,32,0,1,1
156,156,"[('다항식', '항등식과 미정계수', '항등식의 성질과 미정계수법')]",3,1,35,0,4,1
157,157,"[('실수와 허수', '실수', '실수')]",3,1,25,0,3,1
158,158,"[('집합과 명제', '집합의 연산법칙', '집합의 연산법칙'), ('함수', '무리함수의 그래프', '무리함수의 그래프'), ('실수와 허수', '실수', '실수')]",3,3,63,0,4,0
159,159,"[('다항식', '인수분해', '인수분해의 기본 공식'), ('집합과 명제', '명제와 조건', '명제의 역과 대우'), ('방정식과 부등식', '이차방정식의 근과 계수의 관계', '이차방정식의 실근의 부호')]",3,3,57,0,2,1
160,160,"[('방정식과 부등식', '일차, 이차방정식', '일차방정식의 해법')]",3,1,24,0,2,1
161,161,"[('도형의 방정식', '평면좌표', '좌표와 자취'), ('함수', '다항함수의 그래프', '이차함수의 그래프')]",3,2,27,0,4,0
162,162,"[('실수와 허수', '복소수', '허수와 복소수')]",3,1,8,0,2,1
163,163,"[('함수', '유리함수의 그래프', '유리함수의 그래프')]",3,1,45,0,4,0
164,164,"[('집합과 명제', '명제와 조건', '충분조건, 필요조건')]",3,1,41,0,3,1
165,165,"[('도형의 방정식', '원의 방정식', '원의 방정식'), ('다항식', '인수분해', '다항식의 최대공약수와 최소공배수'), ('다항식', '인수분해', '인수분해의 기본 공식')]",3,3,69,0,1,1
166,166,"[('경우의 수', '경우의 수', '경우의 수')]",3,1,16,0,4,0
167,167,"[('함수', '무리함수의 그래프', '무리식')]",3,1,16,0,4,1
168,168,"[('방정식과 부등식', '일차부등식과 연립일차부등식', '여러 가지 부등식')]",3,1,62,0,1,1
169,169,"[('함수', '합성함수와 역함수', '역함수')]",3,1,50,0,2,1
170,170,"[('집합과 명제', '명제와 조건', '명제와 조건')]",3,1,54,0,1,0
171,171,"[('경우의 수', '경우의 수', '경우의 수'), ('실수와 허수', '실수', '정수의 분류'), ('함수', '합성함수와 역함수', '역함수')]",3,3,42,0,1,1
172,172,"[('실수와 허수', '복소수', '복소수의 연산')]",3,1,45,0,1,0
173,173,"[('다항식', '항등식과 미정계수', '항등식의 성질과 미정계수법')]",3,1,30,0,2,1
174,174,"[('방정식과 부등식', '최대와 최소', '판별식을 이용하는 최대와 최소')]",3,1,10,0,1,1
175,175,"[('함수', '함수', '함수')]",3,1,13,0,4,1
176,176,"[('경우의 수', '경우의 수', '경우의 수')]",3,1,7,0,2,1
177,177,"[('실수와 허수', '실수', '정수의 분류')]",3,1,19,0,2,1
178,178,"[('실수와 허수', '복소수', '허수와 복소수')]",3,1,37,0,3,0
179,179,"[('집합과 명제', '명제의 증명', '명제의 증명'), ('도형의 방정식', '도형의 이동', '대칭이동')]",3,2,29,0,4,0
180,180,"[('실수와 허수', '실수', '정수의 분류')]",3,1,18,0,1,1
181,181,"[('실수와 허수', '실수', '실수')]",3,1,26,0,3,1
182,182,"[('다항식', '나머지 정리', '인수정리와 고차식의 인수분해'), ('다항식', '나머지 정리', '나머지 정리'), ('방정식과 부등식', '이차방정식과 이차함수', '포물선과 직선의 위치 관계')]",3,3,47,0,4,0
183,183,"[('다항식', '항등식과 미정계수', '다항식의 나눗셈과 항등식')]",3,1,35,0,3,1
184,184,"[('집합과 명제', '집합', '집합의 포함 관계')]",3,1,61,0,4,1
185,185,"[('실수와 허수', '실수', '실수'), ('집합과 명제', '집합의 연산법칙', '집합의 연산법칙')]",3,2,37,0,3,0
186,186,"[('함수', '무리함수의 그래프', '무리함수의 그래프')]",3,1,39,0,4,1
187,187,"[('경우의 수', '순열과 조합', '순열')]",3,1,55,0,2,1
188,188,"[('방정식과 부등식', '이차방정식의 근과 계수의 관계', '이차방정식의 실근의 부호')]",3,1,46,0,1,0
189,189,"[('함수', '다항함수의 그래프', '일차함수의 그래프')]",3,1,25,0,2,1
190,190,"[('실수와 허수', '실수', '제곱근, 세제곱근과 그 연산')]",3,1,60,0,2,1
191,191,"[('도형의 방정식', '평면좌표', '좌표와 자취')]",3,1,6,0,2,0
192,192,"[('다항식', '인수분해', '기본 공식의 활용')]",3,1,17,0,1,1
193,193,"[('함수', '합성함수와 역함수', '합성함수')]",3,1,59,0,3,0
194,194,"[('방정식과 부등식', '일차부등식과 연립일차부등식', '연립일차부등식의 해법')]",3,1,31,0,1,1
195,195,"[('방정식과 부등식', '이차방정식의 근과 계수의 관계', '이차방정식의 실근의 부호')]",3,1,25,0,3,1
196,196,"[('방정식과 부등식', '최대와 최소', '이차함수의 최대와 최소')]",3,1,63,0,4,1
197,197,"[('경우의 수', '순열과 조합', '순열'), ('도형의 방정식', '원의 방정식', '원과 직선의 위치 관계'), ('집합과 명제', '명제의 증명', '절대부등식의 활용')]",3,3,85,0,3,1
198,198,"[('실수와 허수', '복소수', '복소수의 연산')]",3,1,8,0,3,1
199,199,"[('함수', '유리함수의 그래프', '유리식')]",3,1,59,0,4,0
200,200,"[('도형의 방정식', '원의 방정식', '원의 방정식'), ('함수', '함수', '함수'), ('실수와 허수', '실수', '정수의 분류')]",3,3,45,0,4,0
201,201,"[('실수와 허수', '실수', '제곱근, 세제곱근과 그 연산')]",3,1,33,0,4,0
202,202,"[('함수', '다항함수의 그래프', '이차함수의 그래프')]",3,1,20,0,4,0
203,203,"[('실수와 허수', '실수', '정수의 분류')]",3,1,52,0,1,0
204,204,"[('실수와 허수', '복소수', '복소수의 연산')]",3,1,34,0,1,1
205,205,"[('집합과 명제', '명제와 조건', '명제와 조건')]",3,1,52,0,3,1
206,206,"[('집합과 명제', '명제와 조건', '충분조건, 필요조건')]",3,1,15,0,4,1
207,207,"[('경우의 수', '순열과 조합', '순열')]",3,1,40,0,3,1
208,208,"[('함수', '합성함수와 역함수', '역함수'), ('도형의 방정식', '원의 방정식', '원과 직선의 위치 관계'), ('다항식', '나머지 정리', '인수정리와 고차식의 인수분해')]",3,3,79,0,1,1
209,209,"[('실수와 허수', '실수', '실수')]",3,1,46,0,1,1
210,210,"[('경우의 수', '경우의 수', '경우의 수')]",3,1,5,0,2,1
211,211,"[('경우의 수', '경우의 수', '경우의 수')]",3,1,32,0,1,1
212,212,"[('다항식', '나머지 정리', '나머지 정리')]",3,1,42,0,4,0
213,213,"[('도형의 방정식', '원의 방정식', '두 원의 위치 관계')]",3,1,27,0,4,1
214,214,"[('집합과 명제', '명제와 조건', '명제의 역과 대우')]",3,1,17,0,4,1
215,215,"[('방정식과 부등식', '이차방정식의 근과 계수의 관계', '이차방정식의 정수근')]",3,1,38,0,2,1
216,216,"[('실수와 허수', '복소수', '복소수의 연산')]",3,1,57,0,1,1
217,217,"[('집합과 명제', '집합의 연산법칙', '유한집합의 원소의 개수')]",3,1,17,0,1,1
218,218,"[('함수', '유리함수의 그래프', '유리식')]",3,1,32,0,4,1
219,219,"[('함수', '다항함수의 그래프', '이차함수의 그래프')]",3,1,41,0,3,1
220,220,"[('방정식과 부등식', '이차부등식과 연립이차부등식', '연립이차부등식의 해법')]",3,1,6,0,4,1
221,221,"[('경우의 수', '순열과 조합', '순열')]",3,1,21,0,2,1
222,222,"[('집합과 명제', '명제와 조건', '명제의 역과 대우')]",3,1,22,0,3,1
223,223,"[('다항식', '다항식의 연산', '곱셈공식')]",3,1,14,0,1,1
224,224,"[('방정식과 부등식', '연립방정식', '연립일차방정식의 해법')]",3,1,14,0,4,1
225,225,"[('함수', '합성함수와 역함수', '역함수')]",3,1,39,0,4,0
226,226,"[('집합과 명제', '집합의 연산법칙', '집합의 연산법칙')]",3,1,49,0,3,1
227,227,"[('도형의 방정식', '직선의 방정식', '점과 직선 사이의 거리')]",3,1,45,0,3,1
228,228,"[('도형의 방정식', '원의 방정식', '원과 직선의 위치 관계')]",3,1,37,0,3,1
229,229,"[('도형의 방정식', '도형의 이동', '평행이동')]",3,1,31,0,4,1
230,230,"[('실수와 허수', '복소수', '허수와 복소수')]",3,1,15,0,4,1
231,231,"[('다항식', '항등식과 미정계수', '항등식의 성질과 미정계수법')]",3,1,64,0,2,0
232,232,"[('경우의 수', '경우의 수', '경우의 수')]",3,1,12,0,1,1
233,233,"[('집합과 명제', '명제의 증명', '명제의 증명')]",3,1,20,0,1,1
234,234,"[('함수', '무리함수의 그래프', '무리식')]",3,1,57,0,4,0
235,235,"[('함수', '유리함수의 그래프', '유리함수의 그래프')]",3,1,38,0,1,0
236,236,"[('도형의 방정식', '직선의 방정식', '자취 문제(직선)')]",3,1,62,0,3,1
237,237,"[('함수', '함수', '함수의 그래프')]",3,1,44,0,4,0
238,238,"[('경우의 수', '순열과 조합', '순열'), ('방정식과 부등식', '일차부등식과 연립일차부등식', '부등식의 성질과 일차부등식의 해법'), ('방정식과 부등식', '삼차방정식과 사차방정식', '삼차방정식과 사차방정식의 해법')]",3,3,78,0,4,1
239,239,"[('다항식', '다항식의 연산', '곱셈공식')]",3,1,47,0,2,1
240,240,"[('다항식', '다항식의 연산', '곱셈공식')]",3,1,56,0,3,1
241,241,"[('다항식', '다항식의 연산', '다항식의 곱셈, 나눗셈')]",3,1,36,0,4,0
242,242,"[('실수와 허수', '복소수', '허수와 복소수')]",3,1,6,0,4,0
243,243,"[('다항식', '다항식의 연산', '다항식의 덧셈, 뺄셈')]",3,1,6,0,3,1
244,244,"[('집합과 명제', '명제와 조건', '충분조건, 필요조건')]",3,1,52,0,4,1
245,245,"[('함수', '무리함수의 그래프', '무리식')]",3,1,65,0,1,0
246,246,"[('경우의 수', '순열과 조합', '조합')]",3,1,23,0,2,1
247,247,"[('방정식과 부등식', '이차방정식의 근과 계수의 관계', '이차방정식의 근과 계수의 관계')]",3,1,12,0,2,1
248,248,"[('방정식과 부등식', '일차부등식과 연립일차부등식', '부등식의 성질과 일차부등식의 해법')]",3,1,28,0,4,1
249,249,"[('다항식', '나머지 정리', '나머지 정리')]",3,1,62,0,1,1
250,250,"[('다항식', '나머지 정리', '인수정리와 고차식의 인수분해'), ('함수', '함수', '함수의 그래프'), ('함수', '합성함수와 역함수', '역함수')]",3,3,68,0,3,1
251,251,"[('다항식', '항등식과 미정계수', '다항식의 나눗셈과 항등식')]",3,1,31,0,4,1
252,252,"[('집합과 명제', '명제와 조건', '충분조건, 필요조건')]",3,1,24,0,4,1
253,253,"[('경우의 수', '순열과 조합', '조합'), ('함수', '유리함수의 그래프', '유리식')]",3,2,40,0,1,0
254,254,"[('함수', '다항함수의 그래프', '이차함수의 그래프')]",3,1,48,0,3,1
255,255,"[('도형의 방정식', '도형의 이동', '대칭이동')]",3,1,65,0,4,0
256,256,"[('집합과 명제', '명제의 증명', '절대부등식의 활용'), ('경우의 수', '경우의 수', '경우의 수'), ('다항식', '항등식과 미정계수', '다항식의 나눗셈과 항등식')]",3,3,61,0,4,1
257,257,"[('경우의 수', '순열과 조합', '조합')]",3,1,40,0,1,0
258,258,"[('함수', '무리함수의 그래프', '무리식')]",3,1,38,0,3,0
259,259,"[('방정식과 부등식', '연립방정식', '부정방정식')]",3,1,35,0,1,1
260,260,"[('집합과 명제', '집합', '집합과 원소'), ('함수', '무리함수의 그래프', '무리식')]",3,2,72,0,4,1
261,261,"[('함수', '유리함수의 그래프', '유리식'), ('집합과 명제', '집합', '합집합, 교집합, 여집합, 차집합')]",3,2,49,0,1,0
262,262,"[('실수와 허수', '실수', '정수의 분류')]",3,1,17,0,4,1
263,263,"[('다항식', '인수분해', '인수분해의 기본 공식')]",3,1,7,0,2,1
264,264,"[('집합과 명제', '명제와 조건', '충분조건, 필요조건'), ('실수와 허수', '실수', '제곱근, 세제곱근과 그 연산')]",3,2,61,0,3,1
265,265,"[('함수', '함수', '함수의 그래프')]",3,1,23,0,2,1
266,266,"[('함수', '다항함수의 그래프', '절댓값 기호가 있는 방정식의 그래프')]",3,1,26,0,3,1
267,267,"[('도형의 방정식', '직선의 방정식', '정점을 지나는 직선')]",3,1,14,0,3,1
268,268,"[('경우의 수', '순열과 조합', '조합'), ('집합과 명제', '명제의 증명', '절대부등식의 활용'), ('방정식과 부등식', '최대와 최소', '이차함수의 최대와 최소')]",3,3,77,0,4,0
269,269,"[('함수', '무리함수의 그래프', '무리식')]",3,1,39,0,3,1
270,270,"[('함수', '유리함수의 그래프', '유리함수의 그래프')]",3,1,65,0,3,0
271,271,"[('실수와 허수', '복소수', '복소수의 연산')]",3,1,6,0,4,1
272,272,"[('방정식과 부등식', '이차방정식과 이차함수', '이차방정식의 근의 분리')]",3,1,45,0,1,0
273,273,"[('함수', '무리함수의 그래프', '무리식')]",3,1,9,0,4,1
274,274,"[('실수와 허수', '실수', '무리수가 서로 같을 조건')]",3,1,17,0,4,1
275,275,"[('경우의 수', '경우의 수', '경우의 수')]",3,1,47,0,4,1
276,276,"[('함수', '함수', '함수의 그래프')]",3,1,48,0,1,0
277,277,"[('실수와 허수', '복소수', '허수와 복소수'), ('집합과 명제', '명제의 증명', '절대부등식의 활용')]",3,2,29,0,3,1
278,278,"[('함수', '유리함수의 그래프', '유리식'), ('함수', '무리함수의 그래프', '무리함수의 그래프')]",3,2,72,0,4,1
279,279,"[('다항식', '나머지 정리', '인수정리와 고차식의 인수분해')]",3,1,19,0,4,1
280,280,"[('방정식과 부등식', '이차방정식의 판별식', '이차방정식의 판별식')]",3,1,6,0,1,1
281,281,"[('실수와 허수', '실수', '제곱근, 세제곱근과 그 연산')]",3,1,64,0,2,1
282,282,"[('집합과 명제', '명제와 조건', '명제의 역과 대우'), ('다항식', '항등식과 미정계수', '다항식의 나눗셈과 항등식')]",3,2,25,0,3,0
283,283,"[('방정식과 부등식', '일차, 이차방정식', '이차방정식의 해법'), ('집합과 명제', '집합의 연산법칙', '집합의 연산법칙')]",3,2,61,0,1,1
284,284,"[('경우의 수', '경우의 수', '경우의 수')]",3,1,57,0,2,1
285,285,"[('도형의 방정식', '직선의 방정식', '방정식의 그래프')]",3,1,52,0,4,1
286,286,"[('함수', '유리함수의 그래프', '유리식'), ('실수와 허수', '복소수', '복소수의 연산'), ('방정식과 부등식', '연립방정식', '연립일차방정식의 해법')]",3,3,42,0,3,1
287,287,"[('다항식', '나머지 정리', '나머지 정리')]",3,1,11,0,3,1
288,288,"[('집합과 명제', '집합의 연산법칙', '유한집합의 원소의 개수'), ('방정식과 부등식', '이차방정식의 근과 계수의 관계', '이차방정식의 정수근'), ('다항식', '다항식의 연산', '다항식의 곱셈, 나눗셈')]",3,3,61,0,4,0
289,289,"[('도형의 방정식', '직선의 방정식', '정점을 지나는 직선')]",3,1,48,0,2,0
290,290,"[('경우의 수', '경우의 수', '경우의 수')]",3,1,17,0,3,1
291,291,"[('실수와 허수', '복소수', '허수와 복소수')]",3,1,8,0,4,1
292,292,"[('함수', '무리함수의 그래프', '무리식')]",3,1,36,0,3,0
293,293,"[('함수', '유리함수의 그래프', '유리식')]",3,1,32,0,4,1
294,294,"[('방정식과 부등식', '이차방정식의 근과 계수의 관계', '이차방정식의 근과 계수의 관계')]",3,1,37,0,3,1
295,295,"[('다항식', '인수분해', '다항식의 최대공약수와 최소공배수')]",3,1,53,0,3,1
296,296,"[('방정식과 부등식', '삼차방정식과 사차방정식', '삼차방정식의 근과 계수의 관계')]",3,1,26,0,3,1
297,297,"[('실수와 허수', '실수', '실수')]",3,1,34,0,4,1
298,298,"[('함수', '무리함수의 그래프', '무리함수의 그래프')]",3,1,25,0,1,0
299,299,"[('다항식', '나머지 정리', '나머지 정리')]",3,1,7,0,2,1
300,300,"[('함수', '유리함수의 그래프', '유리식')]",3,1,37,0,1,0
301,301,"[('도형의 방정식', '직선의 방정식', '두 직선의 위치 관계')]",3,1,55,0,3,1
302,302,"[('다항식', '다항식의 연산', '다항식의 곱셈, 나눗셈')]",3,1,21,0,2,1
303,303,"[('방정식과 부등식', '이차방정식의 판별식', '이차방정식의 판별식')]",3,1,37,0,2,1
304,304,"[('실수와 허수', '복소수', '복소수의 연산')]",3,1,53,0,3,1
305,305,"[('집합과 명제', '집합', '합집합, 교집합, 여집합, 차집합')]",3,1,13,0,1,1
306,306,"[('방정식과 부등식', '이차방정식의 근과 계수의 관계', '이차방정식의 근과 계수의 관계')]",3,1,49,0,3,1
307,307,"[('방정식과 부등식', '이차방정식의 판별식', '이차방정식의 판별식')]",3,1,54,0,3,1
308,308,"[('방정식과 부등식', '일차부등식과 연립일차부등식', '여러 가지 부등식')]",3,1,20,0,2,0
309,309,"[('경우의 수', '경우의 수', '경우의 수')]",3,1,60,0,4,1
310,310,"[('방정식과 부등식', '일차부등식과 연립일차부등식', '부등식의 성질과 일차부등식의 해법')]",3,1,37,0,1,1
311,311,"[('도형의 방정식', '직선의 방정식', '두 직선의 위치 관계'), ('다항식', '다항식의 연산', '다항식의 정리')]",3,2,25,0,4,0
312,312,"[('실수와 허수', '실수', '실수')]",3,1,12,0,4,1
313,313,"[('집합과 명제', '명제의 증명', '명제의 증명')]",3,1,55,0,1,1
314,314,"[('함수', '함수', '함수')]",3,1,58,0,2,0
315,315,"[('경우의 수', '경우의 수', '경우의 수')]",3,1,62,0,3,1
316,316,"[('경우의 수', '경우의 수', '경우의 수')]",3,1,34,0,3,1
317,317,"[('함수', '무리함수의 그래프', '무리함수의 그래프')]",3,1,17,0,2,1
318,318,"[('집합과 명제', '집합의 연산법칙', '유한집합의 원소의 개수'), ('함수', '유리함수의 그래프', '유리함수의 그래프')]",3,2,73,0,2,1
319,319,"[('실수와 허수', '복소수', '복소수의 연산')]",3,1,5,0,3,1
320,320,"[('도형의 방정식', '도형의 이동', '평행이동')]",3,1,41,0,1,1
321,321,"[('다항식', '인수분해', '인수분해의 기본 공식')]",3,1,32,0,4,0
322,322,"[('집합과 명제', '명제와 조건', '명제와 조건')]",3,1,38,0,3,0
323,323,"[('다항식', '항등식과 미정계수', '항등식의 성질과 미정계수법')]",3,1,15,0,1,1
324,324,"[('집합과 명제', '명제와 조건', '명제와 조건')]",3,1,37,0,1,1
325,325,"[('집합과 명제', '집합의 연산법칙', '유한집합의 원소의 개수')]",3,1,41,0,3,0
326,326,"[('방정식과 부등식', '이차부등식과 연립이차부등식', '이차부등식의 해법')]",3,1,21,0,3,1
327,327,"[('경우의 수', '경우의 수', '경우의 수'), ('도형의 방정식', '도형의 이동', '평행이동'), ('함수', '합성함수와 역함수', '합성함수')]",3,3,60,0,4,1
328,328,"[('집합과 명제', '집합의 연산법칙', '유한집합의 원소의 개수')]",3,1,30,0,1,1
329,329,"[('방정식과 부등식', '이차방정식과 이차함수', '포물선과 직선의 위치 관계')]",3,1,40,0,4,0
330,330,"[('함수', '무리함수의 그래프', '무리식')]",3,1,12,0,3,0
331,331,"[('경우의 수', '순열과 조합', '순열'), ('함수', '합성함수와 역함수', '합성함수')]",3,2,63,0,1,0
332,332,"[('함수', '무리함수의 그래프', '무리식')]",3,1,61,0,1,1
333,333,"[('도형의 방정식', '평면좌표', '좌표와 자취')]",3,1,14,0,1,1
334,334,"[('집합과 명제', '집합', '집합과 원소')]",3,1,23,0,3,1
335,335,"[('집합과 명제', '명제의 증명', '절대부등식의 활용'), ('경우의 수', '경우의 수', '경우의 수'), ('다항식', '다항식의 연산', '다항식의 곱셈, 나눗셈')]",3,3,74,0,3,1
336,336,"[('실수와 허수', '복소수', '허수와 복소수')]",3,1,26,0,4,1
337,337,"[('실수와 허수', '실수', '무리수가 서로 같을 조건')]",3,1,39,0,3,1
338,338,"[('함수', '무리함수의 그래프', '무리식')]",3,1,20,0,2,1
339,339,"[('함수', '유리함수의 그래프', '유리함수의 그래프')]",3,1,30,0,2,1
340,340,"[('함수', '함수', '함수')]",3,1,19,0,2,1
341,341,"[('도형의 방정식', '직선의 방정식', '두 직선의 위치 관계')]",3,1,63,0,3,1
342,342,"[('방정식과 부등식', '일차부등식과 연립일차부등식', '부등식의 성질과 일차부등식의 해법')]",3,1,53,0,4,0
343,343,"[('실수와 허수', '복소수', '허수와 복소수')]",3,1,10,0,1,1
344,344,"[('도형의 방정식', '평면좌표', '좌표와 자취'), ('함수', '다항함수의 그래프', '절댓값 기호가 있는 방정식의 그래프')]",3,2,64,0,1,0
345,345,"[('다항식', '나머지 정리', '인수정리와 고차식의 인수분해')]",3,1,12,0,4,1
346,346,"[('도형의 방정식', '원의 방정식', '두 원의 위치 관계')]",3,1,13,0,1,0
347,347,"[('도형의 방정식', '원의 방정식', '자취 문제(원)')]",3,1,31,0,3,1
348,348,"[('도형의 방정식', '원의 방정식', '두 원의 위치 관계')]",3,1,16,0,2,1
349,349,"[('방정식과 부등식', '삼차방정식과 사차방정식', '삼차방정식과 사차방정식의 해법')]",3,1,52,0,3,1
350,350,"[('집합과 명제', '명제와 조건', '명제와 조건')]",3,1,64,0,1,1
351,351,"[('경우의 수', '순열과 조합', '조합')]",3,1,52,0,3,1
352,352,"[('방정식과 부등식', '이차방정식의 판별식', '판별식의 활용')]",3,1,57,0,3,0
353,353,"[('도형의 방정식', '평면좌표', '두 점 사이의 거리')]",3,1,40,0,3,0
354,354,"[('방정식과 부등식', '이차방정식과 이차함수', '포물선과 직선의 위치 관계')]",3,1,65,0,4,1
355,355,"[('방정식과 부등식', '최대와 최소', '판별식을 이용하는 최대와 최소')]",3,1,59,0,2,1
356,356,"[('집합과 명제', '명제와 조건', '명제의 역과 대우'), ('방정식과 부등식', '삼차방정식과 사차방정식', '삼차방정식과 사차방정식의 해법'), ('다항식', '항등식과 미정계수', '항등식의 성질과 미정계수법')]",3,3,82,0,1,0
357,357,"[('함수', '함수', '함수')]",3,1,60,0,4,0
358,358,"[('경우의 수', '순열과 조합', '조합')]",3,1,29,0,2,1
359,359,"[('실수와 허수', '실수', '정수의 분류'), ('실수와 허수', '복소수', '허수와 복소수'), ('실수와 허수', '실수', '제곱근, 세제곱근과 그 연산')]",3,3,61,0,3,0
360,360,"[('방정식과 부등식', '삼차방정식과 사차방정식', '삼차방정식과 사차방정식의 해법')]",3,1,11,0,1,1
361,361,"[('경우의 수', '순열과 조합', '순열')]",3,1,64,0,1,1
362,362,"[('실수와 허수', '실수', '실수')]",3,1,44,0,2,0
363,363,"[('경우의 수', '경우의 수', '경우의 수')]",3,1,33,0,3,1
364,364,"[('방정식과 부등식', '일차부등식과 연립일차부등식', '연립일차부등식의 해법')]",3,1,30,0,1,1
365,365,"[('다항식', '항등식과 미정계수', '항등식의 성질과 미정계수법')]",3,1,65,0,4,0
366,366,"[('다항식', '인수분해', '기본 공식의 활용')]",3,1,35,0,2,1
367,367,"[('경우의 수', '경우의 수', '경우의 수')]",3,1,20,0,3,1
368,368,"[('다항식', '인수분해', '다항식의 최대공약수와 최소공배수'), ('방정식과 부등식', '일차, 이차방정식', '이차방정식의 해법')]",3,2,27,0,4,1
369,369,"[('함수', '함수', '일대일대응')]",3,1,32,0,4,1
370,370,"[('집합과 명제', '명제와 조건', '명제와 조건'), ('방정식과 부등식', '이차방정식의 판별식', '이차방정식의 판별식'), ('경우의 수', '순열과 조합', '조합')]",3,3,68,0,2,0
371,371,"[('함수', '무리함수의 그래프', '무리식')]",3,1,29,0,1,0
372,372,"[('도형의 방정식', '직선의 방정식', '자취 문제(직선)'), ('다항식', '인수분해', '다항식의 최대공약수와 최소공배수'), ('도형의 방정식', '원의 방정식', '원의 방정식')]",3,3,47,0,3,1
373,373,"[('방정식과 부등식', '이차방정식과 이차함수', '이차방정식과 이차함수의 관계')]",3,1,35,0,2,1
374,374,"[('도형의 방정식', '도형의 이동', '평행이동'), ('방정식과 부등식', '최대와 최소', '이차함수의 최대와 최소'), ('방정식과 부등식', '연립방정식', '연립일차방정식의 해법')]",3,3,78,0,4,1
375,375,"[('실수와 허수', '복소수', '허수와 복소수')]",3,1,62,0,4,0
376,376,"[('도형의 방정식', '도형의 이동', '평행이동')]",3,1,62,0,2,0
377,377,"[('경우의 수', '경우의 수', '경우의 수')]",3,1,51,0,2,1
378,378,"[('함수', '유리함수의 그래프', '유리식')]",3,1,61,0,2,1
379,379,"[('도형의 방정식', '도형의 이동', '평행이동')]",3,1,12,0,3,1
380,380,"[('집합과 명제', '명제의 증명', '절대부등식의 활용'), ('실수와 허수', '복소수', '복소수의 연산'), ('함수', '다항함수의 그래프', '간단한 삼차함수의 그래프')]",3,3,69,0,4,1
381,381,"[('실수와 허수', '실수', '실수')]",3,1,22,0,3,1
382,382,"[('다항식', '인수분해', '기본 공식의 활용'), ('실수와 허수', '복소수', '허수와 복소수')]",3,2,59,0,4,0
383,383,"[('방정식과 부등식', '이차방정식의 근과 계수의 관계', '이차방정식의 정수근'), ('경우의 수', '경우의 수', '경우의 수'), ('도형의 방정식', '직선의 방정식', '방정식의 그래프')]",3,3,84,0,4,0
384,384,"[('다항식', '다항식의 연산', '다항식의 덧셈, 뺄셈')]",3,1,33,0,2,1
385,385,"[('방정식과 부등식', '일차, 이차방정식', '일차방정식의 해법')]",3,1,37,0,1,1
386,386,"[('도형의 방정식', '원의 방정식', '원과 직선의 위치 관계')]",3,1,23,0,1,0
387,387,"[('다항식', '인수분해', '기본 공식의 활용'), ('다항식', '나머지 정리', '인수정리와 고차식의 인수분해')]",3,2,75,0,1,1
388,388,"[('다항식', '항등식과 미정계수', '다항식의 나눗셈과 항등식')]",3,1,20,0,4,1
389,389,"[('경우의 수', '경우의 수', '경우의 수')]",3,1,55,0,4,1
390,390,"[('방정식과 부등식', '일차, 이차방정식', '이차방정식의 해법')]",3,1,37,0,2,1
391,391,"[('집합과 명제', '명제의 증명', '명제의 증명')]",3,1,33,0,3,1
392,392,"[('함수', '유리함수의 그래프', '유리함수의 그래프')]",3,1,18,0,1,1
393,393,"[('경우의 수', '경우의 수', '경우의 수')]",3,1,45,0,3,0
394,394,"[('다항식', '인수분해', '다항식의 최대공약수와 최소공배수'), ('다항식', '다항식의 연산', '다항식의 정리')]",3,2,55,0,1,1
395,395,"[('실수와 허수', '복소수', '복소수의 연산')]",3,1,36,0,2,1
396,396,"[('방정식과 부등식', '이차방정식의 근과 계수의 관계', '이차방정식의 근과 계수의 관계'), ('다항식', '인수분해', '기본 공식의 활용')]",3,2,39,0,4,1
397,397,"[('집합과 명제', '명제와 조건', '명제의 역과 대우')]",3,1,30,0,1,1
398,398,"[('경우의 수', '경우의 수', '경우의 수')]",3,1,54,0,2,1
399,399,"[('도형의 방정식', '도형의 이동', '평행이동')]",3,1,25,0,1,0
400,400,"[('도형의 방정식', '직선의 방정식', '점과 직선 사이의 거리')]",3,1,44,0,2,1
401,401,"[('함수', '다항함수의 그래프', '절댓값 기호가 있는 방정식의 그래프')]",3,1,33,0,4,1
402,402,"[('방정식과 부등식', '일차부등식과 연립일차부등식', '부등식의 성질과 일차부등식의 해법')]",3,1,58,0,3,0
403,403,"[('경우의 수', '순열과 조합', '조합')]",3,1,15,0,4,1
404,404,"[('도형의 방정식', '원의 방정식', '두 원의 위치 관계')]",3,1,50,0,2,1
405,405,"[('경우의 수', '순열과 조합', '조합')]",3,1,15,0,3,1
406,406,"[('도형의 방정식', '도형의 이동', '평행이동')]",3,1,26,0,4,1
407,407,"[('도형의 방정식', '직선의 방정식', '자취 문제(직선)')]",3,1,9,0,2,1
408,408,"[('실수와 허수', '복소수', '복소수의 연산')]",3,1,35,0,1,1
409,409,"[('방정식과 부등식', '이차부등식과 연립이차부등식', '연립이차부등식의 해법')]",3,1,10,0,1,1
410,410,"[('함수', '합성함수와 역함수', '합성함수'), ('도형의 방정식', '원의 방정식', '자취 문제(원)'), ('함수', '합성함수와 역함수', '합성함수')]",3,3,70,0,1,1
411,411,"[('다항식', '나머지 정리', '나머지 정리')]",3,1,53,0,4,1
412,412,"[('도형의 방정식', '도형의 이동', '평행이동')]",3,1,15,0,2,1
413,413,"[('방정식과 부등식', '일차부등식과 연립일차부등식', '부등식의 성질과 일차부등식의 해법')]",3,1,11,0,2,1
414,414,"[('실수와 허수', '실수', '실수')]",3,1,42,0,2,1
415,415,"[('함수', '무리함수의 그래프', '무리함수의 그래프'), ('방정식과 부등식', '이차방정식의 판별식', '판별식의 활용'), ('다항식', '항등식과 미정계수', '항등식의 성질과 미정계수법')]",3,3,55,0,1,1
416,416,"[('함수', '함수', '함수의 그래프')]",3,1,31,0,2,1
417,417,"[('경우의 수', '순열과 조합', '조합')]",3,1,5,0,1,1
418,418,"[('다항식', '항등식과 미정계수', '항등식의 성질과 미정계수법')]",3,1,65,0,1,1
419,419,"[('함수', '함수', '일대일대응')]",3,1,60,0,4,0
420,420,"[('경우의 수', '순열과 조합', '순열')]",3,1,7,0,3,1
421,421,"[('집합과 명제', '명제와 조건', '명제의 역과 대우')]",3,1,44,0,3,1
422,422,"[('함수', '무리함수의 그래프', '무리함수의 그래프')]",3,1,37,0,2,1
423,423,"[('경우의 수', '순열과 조합', '조합'), ('다항식', '다항식의 연산', '곱셈공식')]",3,2,30,0,1,0
424,424,"[('실수와 허수', '복소수', '허수와 복소수')]",3,1,28,0,2,1
425,425,"[('함수', '무리함수의 그래프', '무리식')]",3,1,48,0,1,0
426,426,"[('방정식과 부등식', '연립방정식', '부정방정식')]",3,1,33,0,1,1
427,427,"[('방정식과 부등식', '이차부등식과 연립이차부등식', '연립이차부등식의 해법'), ('다항식', '인수분해', '기본 공식의 활용')]",3,2,70,0,3,1
428,428,"[('실수와 허수', '실수', '제곱근, 세제곱근과 그 연산')]",3,1,32,0,2,1
429,429,"[('함수', '다항함수의 그래프', '이차함수의 그래프')]",3,1,47,0,1,1
430,430,"[('실수와 허수', '실수', '무리수가 서로 같을 조건')]",3,1,29,0,1,0
431,431,"[('도형의 방정식', '원의 방정식', '자취 문제(원)')]",3,1,55,0,3,1
432,432,"[('집합과 명제', '명제의 증명', '명제의 증명')]",3,1,62,0,3,1
433,433,"[('도형의 방정식', '평면좌표', '선분의 내분점과 외분점')]",3,1,8,0,1,1
434,434,"[('다항식', '나머지 정리', '나머지 정리')]",3,1,55,0,1,1
435,435,"[('다항식', '나머지 정리', '인수정리와 고차식의 인수분해')]",3,1,49,0,4,1
436,436,"[('도형의 방정식', '원의 방정식', '두 원의 위치 관계')]",3,1,50,0,2,1
437,437,"[('경우의 수', '순열과 조합', '순열')]",3,1,23,0,1,1
438,438,"[('방정식과 부등식', '일차부등식과 연립일차부등식', '여러 가지 부등식'), ('방정식과 부등식', '일차부등식과 연립일차부등식', '부등식의 성질과 일차부등식의 해법'), ('실수와 허수', '실수', '정수의 분류')]",3,3,75,0,1,0
439,439,"[('도형의 방정식', '평면좌표', '선분의 내분점과 외분점'), ('함수', '함수', '일대일대응')]",3,2,60,0,3,1
440,440,"[('다항식', '항등식과 미정계수', '항등식의 성질과 미정계수법')]",3,1,8,0,3,1
441,441,"[('집합과 명제', '명제와 조건', '충분조건, 필요조건'), ('방정식과 부등식', '이차부등식과 연립이차부등식', '이차부등식의 해법')]",3,2,46,0,4,0
442,442,"[('함수', '합성함수와 역함수', '합성함수')]",3,1,61,0,4,0
443,443,"[('도형의 방정식', '도형의 이동', '대칭이동')]",3,1,28,0,3,0
444,444,"[('방정식과 부등식', '이차방정식의 판별식', '이차방정식의 판별식')]",3,1,13,0,4,1
445,445,"[('실수와 허수', '실수', '무리수가 서로 같을 조건')]",3,1,30,0,2,0
446,446,"[('실수와 허수', '복소수', '허수와 복소수')]",3,1,49,0,3,1
447,447,"[('도형의 방정식', '원의 방정식', '원과 직선의 위치 관계')]",3,1,63,0,1,0
448,448,"[('경우의 수', '경우의 수', '경우의 수')]",3,1,38,0,3,0
449,449,"[('방정식과 부등식', '이차방정식의 근과 계수의 관계', '이차방정식의 실근의 부호')]",3,1,59,0,1,1
450,450,"[('방정식과 부등식', '이차방정식과 이차함수', '이차방정식의 근의 분리')]",3,1,12,0,3,1
451,451,"[('도형의 방정식', '원의 방정식', '원과 직선의 위치 관계')]",3,1,43,0,1,0
452,452,"[('집합과 명제', '명제와 조건', '명제의 역과 대우')]",3,1,19,0,1,1
453,453,"[('방정식과 부등식', '일차, 이차방정식', '일차방정식의 해법')]",3,1,10,0,2,1
454,454,"[('도형의 방정식', '원의 방정식', '원의 방정식'), ('방정식과 부등식', '최대와 최소', '제한된 범위에서의 최대와 최소'), ('방정식과 부등식', '이차방정식과 이차함수', '포물선과 직선의 위치 관계')]",3,3,62,0,3,0
455,455,"[('집합과 명제', '집합', '합집합, 교집합, 여집합, 차집합')]",3,1,55,0,4,1
456,456,"[('집합과 명제', '명제의 증명', '절대부등식의 활용')]",3,1,63,0,1,0
457,457,"[('도형의 방정식', '원의 방정식', '원과 직선의 위치 관계'), ('도형의 방정식', '평면좌표', '좌표와 자취'), ('경우의 수', '경우의 수', '경우의 수')]",3,3,64,0,2,1
458,458,"[('방정식과 부등식', '삼차방정식과 사차방정식', '삼차방정식과 사차방정식의 해법')]",3,1,31,0,2,1
459,459,"[('집합과 명제', '집합', '합집합, 교집합, 여집합, 차집합')]",3,1,32,0,2,1
460,460,"[('집합과 명제', '집합의 연산법칙', '유한집합의 원소의 개수')]",3,1,15,0,1,1
461,461,"[('도형의 방정식', '평면좌표', '좌표와 자취')]",3,1,62,0,2,0
462,462,"[('함수', '다항함수의 그래프', '이차함수의 그래프'), ('집합과 명제', '명제의 증명', '절대부등식의 활용')]",3,2,20,0,2,1
463,463,"[('집합과 명제', '명제와 조건', '명제와 조건')]",3,1,50,0,2,0
464,464,"[('실수와 허수', '실수', '제곱근, 세제곱근과 그 연산'), ('집합과 명제', '집합', '합집합, 교집합, 여집합, 차집합')]",3,2,59,0,1,0
465,465,"[('경우의 수', '경우의 수', '경우의 수'), ('실수와 허수', '복소수', '허수와 복소수'), ('방정식과 부등식', '이차부등식과 연립이차부등식', '이차부등식의 해법')]",3,3,81,0,4,0
466,466,"[('실수와 허수', '실수', '실수'), ('방정식과 부등식', '연립방정식', '연립일차방정식의 해법')]",3,2,49,0,3,0
467,467,"[('경우의 수', '경우의 수', '경우의 수')]",3,1,63,0,2,1
468,468,"[('도형의 방정식', '직선의 방정식', '방정식의 그래프')]",3,1,22,0,1,0
469,469,"[('함수', '유리함수의 그래프', '유리함수의 그래프'), ('방정식과 부등식', '일차, 이차방정식', '이차방정식의 해법'), ('함수', '유리함수의 그래프', '유리함수의 그래프')]",3,3,68,0,2,1
470,470,"[('집합과 명제', '집합의 연산법칙', '유한집합의 원소의 개수')]",3,1,35,0,1,1
471,471,"[('집합과 명제', '집합의 연산법칙', '유한집합의 원소의 개수')]",3,1,49,0,4,1
472,472,"[('경우의 수', '순열과 조합', '순열')]",3,1,59,0,4,1
473,473,"[('도형의 방정식', '평면좌표', '좌표와 자취')]",3,1,15,0,4,0
474,474,"[('경우의 수', '경우의 수', '경우의 수')]",3,1,37,0,1,0
475,475,"[('경우의 수', '순열과 조합', '순열')]",3,1,56,0,4,0
476,476,"[('실수와 허수', '실수', '제곱근, 세제곱근과 그 연산')]",3,1,17,0,4,0
477,477,"[('다항식', '항등식과 미정계수', '다항식의 나눗셈과 항등식')]",3,1,6,0,4,1
478,478,"[('경우의 수', '순열과 조합', '순열')]",3,1,63,0,4,0
479,479,"[('도형의 방정식', '원의 방정식', '원의 방정식')]",3,1,36,0,1,1
480,480,"[('경우의 수', '순열과 조합', '조합')]",3,1,45,0,1,1
481,481,"[('실수와 허수', '복소수', '복소수의 연산')]",3,1,62,0,3,1
482,482,"[('함수', '합성함수와 역함수', '역함수')]",3,1,25,0,1,1
483,483,"[('집합과 명제', '집합의 연산법칙', '유한집합의 원소의 개수')]",3,1,31,0,1,1
484,484,"[('집합과 명제', '명제와 조건', '충분조건, 필요조건'), ('경우의 수', '경우의 수', '경우의 수')]",3,2,39,0,2,1
485,485,"[('도형의 방정식', '평면좌표', '선분의 내분점과 외분점')]",3,1,50,0,1,1
486,486,"[('함수', '유리함수의 그래프', '유리함수의 그래프')]",3,1,20,0,1,1
487,487,"[('실수와 허수', '복소수', '복소수의 연산')]",3,1,24,0,4,1
488,488,"[('경우의 수', '순열과 조합', '순열')]",3,1,43,0,2,1
489,489,"[('경우의 수', '순열과 조합', '조합')]",3,1,28,0,4,0
490,490,"[('방정식과 부등식', '삼차방정식과 사차방정식', '삼차방정식과 사차방정식의 해법')]",3,1,51,0,4,1
491,491,"[('경우의 수', '경우의 수', '경우의 수'), ('다항식', '나머지 정리', '나머지 정리')]",3,2,21,0,4,1
492,492,"[('함수', '유리함수의 그래프', '유리함수의 그래프')]",3,1,63,0,2,1
493,493,"[('방정식과 부등식', '이차방정식과 이차함수', '포물선과 직선의 위치 관계')]",3,1,15,0,1,0
494,494,"[('다항식', '나머지 정리', '나머지 정리')]",3,1,42,0,2,1
495,495,"[('다항식', '나머지 정리', '나머지 정리')]",3,1,30,0,2,0
496,496,"[('방정식과 부등식', '일차, 이차방정식', '일차방정식의 해법')]",3,1,23,0,4,0
497,497,"[('집합과 명제', '명제와 조건', '충분조건, 필요조건')]",3,1,34,0,4,0
498,498,"[('경우의 수', '순열과 조합', '조합')]",3,1,15,0,1,1
499,499,"[('다항식', '다항식의 연산', '다항식의 정리')]",3,1,54,0,2,1
500,500,"[('실수와 허수', '복소수', '허수와 복소수')]",3,1,34,0,2,1
501,501,"[('경우의 수', '순열과 조합', '순열')]",3,1,55,0,1,0
502,502,"[('집합과 명제', '집합', '집합의 포함 관계')]",3,1,48,0,2,1
503,503,"[('함수', '다항함수의 그래프', '절댓값 기호가 있는 방정식의 그래프')]",3,1,15,0,2,0
504,504,"[('집합과 명제', '명제의 증명', '명제의 증명')]",3,1,31,0,3,1
505,505,"[('방정식과 부등식', '이차방정식의 판별식', '이차방정식의 판별식')]",3,1,52,0,1,1
506,506,"[('도형의 방정식', '직선의 방정식', '두 직선의 위치 관계')]",3,1,64,0,1,0
507,507,"[('방정식과 부등식', '이차부등식과 연립이차부등식', '이차부등식의 해법')]",3,1,18,0,3,0
508,508,"[('방정식과 부등식', '이차방정식과 이차함수', '포물선과 직선의 위치 관계')]",3,1,20,0,3,1
509,509,"[('집합과 명제', '명제의 증명', '절대부등식의 증명')]",3,1,57,0,4,1
510,510,"[('집합과 명제', '명제의 증명', '절대부등식의 활용')]",3,1,34,0,3,1
511,511,"[('경우의 수', '경우의 수', '경우의 수')]",3,1,62,0,1,1
512,512,"[('도형의 방정식', '도형의 이동', '평행이동')]",3,1,17,0,1,1
513,513,"[('다항식', '다항식의 연산', '다항식의 정리')]",3,1,56,0,4,1
514,514,"[('함수', '함수', '함수의 그래프'), ('실수와 허수', '복소수', '복소수의 연산'), ('함수', '합성함수와 역함수', '역함수')]",3,3,55,0,3,1
515,515,"[('방정식과 부등식', '삼차방정식과 사차방정식', '삼차방정식과 사차방정식의 해법')]",3,1,53,0,3,0
516,516,"[('실수와 허수', '실수', '제곱근, 세제곱근과 그 연산'), ('도형의 방정식', '직선의 방정식', '점과 직선 사이의 거리')]",3,2,74,0,2,0
517,517,"[('도형의 방정식', '직선의 방정식', '정점을 지나는 직선')]",3,1,8,0,4,1
518,518,"[('경우의 수', '경우의 수', '경우의 수')]",3,1,58,0,4,1
519,519,"[('실수와 허수', '복소수', '허수와 복소수')]",3,1,46,0,1,1
520,520,"[('집합과 명제', '집합의 연산법칙', '유한집합의 원소의 개수'), ('실수와 허수', '실수', '정수의 분류'), ('함수', '합성함수와 역함수', '합성함수')]",3,3,72,0,1,0
521,521,"[('도형의 방정식', '평면좌표', '좌표와 자취')]",3,1,48,0,4,0
522,522,"[('도형의 방정식', '직선의 방정식', '방정식의 그래프'), ('도형의 방정식', '원의 방정식', '두 원의 위치 관계'), ('집합과 명제', '명제와 조건', '명제의 역과 대우')]",3,3,56,0,4,0
523,523,"[('방정식과 부등식', '이차방정식과 이차함수', '이차방정식의 근의 분리')]",3,1,26,0,2,1
524,524,"[('집합과 명제', '집합', '집합과 원소')]",3,1,58,0,1,1
525,525,"[('다항식', '나머지 정리', '나머지 정리'), ('집합과 명제', '명제의 증명', '명제의 증명')]",3,2,53,0,2,1
526,526,"[('방정식과 부등식', '이차방정식과 이차함수', '이차방정식의 근의 분리')]",3,1,40,0,4,0
527,527,"[('경우의 수', '경우의 수', '경우의 수')]",3,1,60,0,1,0
528,528,"[('경우의 수', '경우의 수', '경우의 수')]",3,1,65,0,3,1
529,529,"[('도형의 방정식', '직선의 방정식', '직선의 방정식')]",3,1,61,0,3,0
530,530,"[('경우의 수', '순열과 조합', '조합')]",3,1,21,0,2,1
531,531,"[('실수와 허수', '복소수', '허수와 복소수')]",3,1,65,0,3,1
532,532,"[('실수와 허수', '복소수', '복소수의 연산')]",3,1,38,0,3,1
533,533,"[('방정식과 부등식', '연립방정식', '부정방정식')]",3,1,26,0,2,0
534,534,"[('경우의 수', '경우의 수', '경우의 수'), ('실수와 허수', '실수', '무리수가 서로 같을 조건'), ('방정식과 부등식', '삼차방정식과 사차방정식', '삼차방정식과 사차방정식의 해법')]",3,3,60,0,2,0
535,535,"[('실수와 허수', '실수', '정수의 분류')]",3,1,46,0,2,1
536,536,"[('다항식', '인수분해', '기본 공식의 활용'), ('집합과 명제', '명제의 증명', '절대부등식의 증명'), ('방정식과 부등식', '이차방정식의 판별식', '판별식의 활용')]",3,3,65,0,1,0
537,537,"[('실수와 허수', '복소수', '복소수의 연산')]",3,1,10,0,2,1
538,538,"[('방정식과 부등식', '이차방정식과 이차함수', '이차방정식의 근의 분리')]",3,1,56,0,1,0
539,539,"[('경우의 수', '순열과 조합', '순열'), ('방정식과 부등식', '이차방정식과 이차함수', '이차방정식의 근의 분리')]",3,2,67,0,1,1
540,540,"[('경우의 수', '순열과 조합', '조합')]",3,1,62,0,3,1
541,541,"[('방정식과 부등식', '이차방정식의 근과 계수의 관계', '이차방정식의 정수근')]",3,1,29,0,1,1
542,542,"[('도형의 방정식', '원의 방정식', '자취 문제(원)')]",3,1,11,0,1,1
543,543,"[('방정식과 부등식', '이차방정식의 근과 계수의 관계', '이차방정식의 근과 계수의 관계'), ('방정식과 부등식', '이차방정식의 근과 계수의 관계', '이차방정식의 근과 계수의 관계')]",3,2,20,0,2,1
544,544,"[('집합과 명제', '집합', '집합의 포함 관계')]",3,1,51,0,3,0
545,545,"[('집합과 명제', '명제와 조건', '충분조건, 필요조건')]",3,1,16,0,4,1
546,546,"[('방정식과 부등식', '이차방정식의 근과 계수의 관계', '이차방정식의 정수근')]",3,1,12,0,2,1
547,547,"[('함수', '함수', '함수')]",3,1,15,0,1,1
548,548,"[('함수', '유리함수의 그래프', '유리함수의 그래프')]",3,1,6,0,2,1
549,549,"[('경우의 수', '순열과 조합', '순열'), ('다항식', '인수분해', '인수분해의 기본 공식')]",3,2,23,0,2,1
550,550,"[('경우의 수', '순열과 조합', '조합'), ('집합과 명제', '집합의 연산법칙', '유한집합의 원소의 개수')]",3,2,57,0,4,1
551,551,"[('경우의 수', '경우의 수', '경우의 수')]",3,1,34,0,2,0
552,552,"[('방정식과 부등식', '이차방정식의 근과 계수의 관계', '이차방정식의 실근의 부호')]",3,1,37,0,2,1
553,553,"[('실수와 허수', '복소수', '허수와 복소수')]",3,1,32,0,1,1
554,554,"[('방정식과 부등식', '이차방정식의 판별식', '판별식의 활용')]",3,1,62,0,4,0
555,555,"[('방정식과 부등식', '이차방정식의 근과 계수의 관계', '이차방정식의 근과 계수의 관계'), ('경우의 수', '경우의 수', '경우의 수'), ('함수', '합성함수와 역함수', '합성함수')]",3,3,56,0,4,0
556,556,"[('다항식', '인수분해', '인수분해의 기본 공식')]",3,1,8,0,1,1
557,557,"[('경우의 수', '순열과 조합', '순열')]",3,1,35,0,1,1
558,558,"[('실수와 허수', '복소수', '허수와 복소수'), ('방정식과 부등식', '이차방정식의 근과 계수의 관계', '이차방정식의 정수근')]",3,2,40,0,4,1
559,559,"[('다항식', '다항식의 연산', '곱셈공식')]",3,1,5,0,4,1
560,560,"[('방정식과 부등식', '연립방정식', '연랍이차방정식의 해법')]",3,1,10,0,3,1
561,561,"[('함수', '다항함수의 그래프', '이차함수의 그래프')]",3,1,40,0,3,1
562,562,"[('집합과 명제', '명제와 조건', '명제와 조건')]",3,1,27,0,1,1
563,563,"[('실수와 허수', '복소수', '허수와 복소수'), ('도형의 방정식', '평면좌표', '좌표와 자취'), ('경우의 수', '경우의 수', '경우의 수')]",3,3,61,0,3,0
564,564,"[('경우의 수', '경우의 수', '경우의 수'), ('다항식', '인수분해', '다항식의 최대공약수와 최소공배수')]",3,2,55,0,1,1
565,565,"[('경우의 수', '순열과 조합', '조합')]",3,1,36,0,2,1
566,566,"[('함수', '함수', '일대일대응')]",3,1,23,0,1,1
567,567,"[('도형의 방정식', '원의 방정식', '두 원의 위치 관계')]",3,1,53,0,4,1
568,568,"[('다항식', '인수분해', '다항식의 최대공약수와 최소공배수')]",3,1,62,0,4,1
569,569,"[('함수', '무리함수의 그래프', '무리함수의 그래프')]",3,1,56,0,2,1
570,570,"[('다항식', '나머지 정리', '나머지 정리'), ('경우의 수', '경우의 수', '경우의 수'), ('도형의 방정식', '도형의 이동', '평행이동')]",3,3,65,0,2,1
571,571,"[('실수와 허수', '실수', '실수'), ('경우의 수', '순열과 조합', '순열'), ('다항식', '인수분해', '다항식의 최대공약수와 최소공배수')]",3,3,53,0,3,0
572,572,"[('집합과 명제', '집합의 연산법칙', '유한집합의 원소의 개수')]",3,1,37,0,4,1
573,573,"[('함수', '무리함수의 그래프', '무리함수의 그래프')]",3,1,22,0,4,1
574,574,"[('경우의 수', '순열과 조합', '조합')]",3,1,24,0,2,1
575,575,"[('다항식', '나머지 정리', '인수정리와 고차식의 인수분해')]",3,1,28,0,2,0
576,576,"[('실수와 허수', '실수', '정수의 분류')]",3,1,51,0,3,0
577,577,"[('실수와 허수', '복소수', '허수와 복소수')]",3,1,40,0,4,1
578,578,"[('경우의 수', '순열과 조합', '순열')]",3,1,6,0,4,1
579,579,"[('함수', '유리함수의 그래프', '유리함수의 그래프')]",3,1,27,0,4,1
580,580,"[('집합과 명제', '집합의 연산법칙', '집합의 연산법칙')]",3,1,5,0,3,1
581,581,"[('다항식', '나머지 정리', '나머지 정리')]",3,1,22,0,4,1
582,582,"[('경우의 수', '순열과 조합', '순열')]",3,1,52,0,4,0
583,583,"[('함수', '무리함수의 그래프', '무리식')]",3,1,7,0,2,0
584,584,"[('함수', '합성함수와 역함수', '합성함수'), ('집합과 명제', '집합의 연산법칙', '유한집합의 원소의 개수'), ('함수', '무리함수의 그래프', '무리함수의 그래프')]",3,3,53,0,4,1
585,585,"[('도형의 방정식', '원의 방정식', '자취 문제(원)'), ('다항식', '인수분해', '인수분해의 기본 공식'), ('실수와 허수', '실수', '실수')]",3,3,77,0,4,0
586,586,"[('다항식', '나머지 정리', '나머지 정리'), ('다항식', '나머지 정리', '인수정리와 고차식의 인수분해'), ('경우의 수', '순열과 조합', '조합')]",3,3,52,0,2,1
587,587,"[('도형의 방정식', '원의 방정식', '원의 방정식')]",3,1,12,0,2,1
588,588,"[('다항식', '인수분해', '다항식의 최대공약수와 최소공배수')]",3,1,22,0,3,1
589,589,"[('실수와 허수', '실수', '무리수가 서로 같을 조건')]",3,1,62,0,2,0
590,590,"[('실수와 허수', '복소수', '복소수의 연산')]",3,1,47,0,3,1
591,591,"[('도형의 방정식', '도형의 이동', '대칭이동')]",3,1,44,0,3,1
592,592,"[('함수', '무리함수의 그래프', '무리함수의 그래프'), ('실수와 허수', '복소수', '복소수의 연산')]",3,2,26,0,2,1
593,593,"[('도형의 방정식', '직선의 방정식', '점과 직선 사이의 거리'), ('집합과 명제', '집합', '집합의 포함 관계')]",3,2,30,0,4,1
594,594,"[('집합과 명제', '명제와 조건', '명제의 역과 대우')]",3,1,44,0,4,0
595,595,"[('도형의 방정식', '평면좌표', '좌표와 자취')]",3,1,50,0,3,0
596,596,"[('실수와 허수', '복소수', '허수와 복소수')]",3,1,51,0,1,1
597,597,"[('경우의 수', '경우의 수', '경우의 수')]",3,1,13,0,4,1
598,598,"[('실수와 허수', '복소수', '복소수의 연산')]",3,1,57,0,4,1
599,599,"[('도형의 방정식', '직선의 방정식', '정점을 지나는 직선'), ('실수와 허수', '복소수', '복소수의 연산')]",3,2,45,0,3,1
600,600,"[('다항식', '다항식의 연산', '다항식의 곱셈, 나눗셈'), ('다항식', '나머지 정리', '인수정리와 고차식의 인수분해')]",3,2,35,0,2,0
601,601,"[('경우의 수', '경우의 수', '경우의 수')]",3,1,32,0,2,1
602,602,"[('경우의 수', '순열과 조합', '순열')]",3,1,20,0,1,1
603,603,"[('도형의 방정식', '원의 방정식', '원과 직선의 위치 관계')]",3,1,27,0,3,1
604,604,"[('방정식과 부등식', '일차부등식과 연립일차부등식', '연립일차부등식의 해법')]",3,1,61,0,3,0
605,605,"[('도형의 방정식', '원의 방정식', '두 원의 위치 관계')]",3,1,63,0,2,0
606,606,"[('실수와 허수', '실수', '제곱근, 세제곱근과 그 연산'), ('실수와 허수', '복소수', '허수와 복소수'), ('도형의 방정식', '평면좌표', '선분의 내분점과 외분점')]",3,3,85,0,1,0
607,607,"[('실수와 허수', '실수', '실수')]",3,1,12,0,4,1
608,608,"[('실수와 허수', '복소수', '허수와 복소수')]",3,1,35,0,3,0
609,609,"[('실수와 허수', '실수', '실수')]",3,1,26,0,2,1
610,610,"[('집합과 명제', '명제의 증명', '절대부등식의 활용'), ('집합과 명제', '명제의 증명', '절대부등식의 증명'), ('다항식', '항등식과 미정계수', '항등식의 성질과 미정계수법')]",3,3,77,0,2,0
611,611,"[('다항식', '나머지 정리', '인수정리와 고차식의 인수분해')]",3,1,8,0,1,1
612,612,"[('다항식', '다항식의 연산', '다항식의 정리'), ('실수와 허수', '복소수', '허수와 복소수'), ('함수', '합성함수와 역함수', '역함수')]",3,3,72,0,1,1
613,613,"[('다항식', '나머지 정리', '나머지 정리')]",3,1,56,0,4,1
614,614,"[('다항식', '항등식과 미정계수', '다항식의 나눗셈과 항등식')]",3,1,64,0,4,1
615,615,"[('경우의 수', '순열과 조합', '순열')]",3,1,58,0,3,0
616,616,"[('실수와 허수', '실수', '실수')]",3,1,19,0,4,1
617,617,"[('경우의 수', '순열과 조합', '순열')]",3,1,9,0,4,1
618,618,"[('다항식', '다항식의 연산', '다항식의 덧셈, 뺄셈')]",3,1,65,0,1,1
619,619,"[('다항식', '나머지 정리', '나머지 정리')]",3,1,58,0,4,1
620,620,"[('도형의 방정식', '직선의 방정식', '직선의 방정식')]",3,1,50,0,4,1
621,621,"[('도형의 방정식', '직선의 방정식', '방정식의 그래프')]",3,1,15,0,3,1
622,622,"[('집합과 명제', '명제의 증명', '명제의 증명')]",3,1,20,0,2,1
623,623,"[('도형의 방정식', '직선의 방정식', '두 직선의 위치 관계')]",3,1,13,0,2,1
624,624,"[('다항식', '나머지 정리', '나머지 정리')]",3,1,49,0,3,1
625,625,"[('다항식', '나머지 정리', '나머지 정리'), ('도형의 방정식', '원의 방정식', '원과 직선의 위치 관계'), ('경우의 수', '순열과 조합', '순열')]",3,3,64,0,2,1
626,626,"[('도형의 방정식', '도형의 이동', '평행이동'), ('경우의 수', '순열과 조합', '순열')]",3,2,69,0,2,0
627,627,"[('함수', '유리함수의 그래프', '유리식')]",3,1,38,0,3,0
628,628,"[('실수와 허수', '복소수', '허수와 복소수')]",3,1,60,0,3,1
629,629,"[('경우의 수', '경우의 수', '경우의 수')]",3,1,21,0,4,1
630,630,"[('집합과 명제', '명제와 조건', '명제와 조건')]",3,1,9,0,3,1
631,631,"[('경우의 수', '경우의 수', '경우의 수')]",3,1,23,0,3,1
632,632,"[('집합과 명제', '명제와 조건', '명제와 조건'), ('방정식과 부등식', '이차방정식의 판별식', '판별식의 활용'), ('경우의 수', '경우의 수', '경우의 수')]",3,3,71,0,2,1
633,633,"[('경우의 수', '경우의 수', '경우의 수')]",3,1,41,0,3,0
634,634,"[('실수와 허수', '복소수', '복소수의 연산')]",3,1,14,0,3,0
635,635,"[('실수와 허수', '복소수', '복소수의 연산')]",3,1,38,0,3,1
636,636,"[('실수와 허수', '복소수', '허수와 복소수')]",3,1,16,0,3,1
637,637,"[('집합과 명제', '집합', '집합의 포함 관계')]",3,1,25,0,1,0
638,638,"[('다항식', '인수분해', '인수분해의 기본 공식'), ('다항식', '인수분해', '다항식의 최대공약수와 최소공배수'), ('경우의 수', '경우의 수', '경우의 수')]",3,3,43,0,1,0
639,639,"[('집합과 명제', '집합', '집합과 원소')]",3,1,24,0,2,1
640,640,"[('경우의 수', '순열과 조합', '조합')]",3,1,27,0,4,1
641,641,"[('다항식', '나머지 정리', '인수정리와 고차식의 인수분해')]",3,1,11,0,2,1
642,642,"[('집합과 명제', '명제의 증명', '절대부등식의 활용')]",3,1,36,0,4,1
643,643,"[('집합과 명제', '집합의 연산법칙', '집합의 연산법칙')]",3,1,55,0,1,0
644,644,"[('함수', '유리함수의 그래프', '유리식')]",3,1,31,0,4,1
645,645,"[('집합과 명제', '집합의 연산법칙', '집합의 연산법칙')]",3,1,43,0,4,0
646,646,"[('다항식', '항등식과 미정계수', '다항식의 나눗셈과 항등식'), ('방정식과 부등식', '이차방정식과 이차함수', '이차방정식과 이차함수의 관계'), ('함수', '다항함수의 그래프', '일차함수의 그래프')]",3,3,65,0,4,0
647,647,"[('경우의 수', '순열과 조합', '순열')]",3,1,14,0,4,1
648,648,"[('실수와 허수', '복소수', '복소수의 연산')]",3,1,33,0,1,1
649,649,"[('다항식', '항등식과 미정계수', '다항식의 나눗셈과 항등식'), ('집합과 명제', '집합', '집합과 원소'), ('함수', '함수', '함수')]",3,3,82,0,2,1
650,650,"[('실수와 허수', '복소수', '복소수의 연산')]",3,1,24,0,3,1
651,651,"[('도형의 방정식', '원의 방정식', '원과 직선의 위치 관계')]",3,1,20,0,1,1
652,652,"[('경우의 수', '순열과 조합', '조합')]",3,1,48,0,4,1
653,653,"[('다항식', '인수분해', '다항식의 최대공약수와 최소공배수')]",3,1,21,0,2,1
654,654,"[('방정식과 부등식', '최대와 최소', '판별식을 이용하는 최대와 최소')]",3,1,12,0,2,1
655,655,"[('다항식', '항등식과 미정계수', '항등식의 성질과 미정계수법')]",3,1,5,0,2,1
656,656,"[('경우의 수', '순열과 조합', '조합')]",3,1,12,0,1,0
657,657,"[('함수', '합성함수와 역함수', '역함수')]",3,1,59,0,3,1
658,658,"[('함수', '합성함수와 역함수', '합성함수')]",3,1,33,0,3,1
659,659,"[('집합과 명제', '명제와 조건', '명제와 조건')]",3,1,55,0,2,0
660,660,"[('실수와 허수', '실수', '정수의 분류'), ('경우의 수', '경우의 수', '경우의 수')]",3,2,29,0,3,1
661,661,"[('도형의 방정식', '평면좌표', '선분의 내분점과 외분점')]",3,1,15,0,3,0
662,662,"[('집합과 명제', '명제와 조건', '명제와 조건'), ('함수', '무리함수의 그래프', '무리식')]",3,2,46,0,2,1
663,663,"[('방정식과 부등식', '일차, 이차방정식', '이차방정식의 해법')]",3,1,37,0,4,1
664,664,"[('도형의 방정식', '직선의 방정식', '직선의 방정식')]",3,1,8,0,2,1
665,665,"[('다항식', '항등식과 미정계수', '항등식의 성질과 미정계수법')]",3,1,65,0,4,1
666,666,"[('도형의 방정식', '도형의 이동', '대칭이동')]",3,1,12,0,1,1
667,667,"[('집합과 명제', '명제의 증명', '명제의 증명')]",3,1,28,0,3,1
668,668,"[('방정식과 부등식', '이차방정식의 판별식', '이차방정식의 판별식'), ('방정식과 부등식', '이차방정식의 판별식', '이차방정식의 판별식'), ('다항식', '나머지 정리', '나머지 정리')]",3,3,73,0,4,1
669,669,"[('다항식', '나머지 정리', '인수정리와 고차식의 인수분해')]",3,1,32,0,2,1
670,670,"[('함수', '무리함수의 그래프', '무리함수의 그래프')]",3,1,12,0,1,0
671,671,"[('방정식과 부등식', '삼차방정식과 사차방정식', '삼차방정식의 근과 계수의 관계'), ('집합과 명제', '집합', '집합의 포함 관계')]",3,2,56,0,2,1
672,672,"[('경우의 수', '순열과 조합', '조합')]",3,1,8,0,2,1
673,673,"[('방정식과 부등식', '일차, 이차방정식', '이차방정식의 해법')]",3,1,16,0,3,1
674,674,"[('다항식', '항등식과 미정계수', '다항식의 나눗셈과 항등식')]",3,1,18,0,4,0
675,675,"[('다항식', '다항식의 연산', '다항식의 덧셈, 뺄셈')]",3,1,60,0,2,1
676,676,"[('다항식', '항등식과 미정계수', '다항식의 나눗셈과 항등식')]",3,1,49,0,2,1
677,677,"[('경우의 수', '경우의 수', '경우의 수')]",3,1,20,0,2,1
678,678,"[('도형의 방정식', '원의 방정식', '두 원의 위치 관계')]",3,1,46,0,3,1
679,679,"[('도형의 방정식', '직선의 방정식', '방정식의 그래프'), ('집합과 명제', '집합의 연산법칙', '유한집합의 원소의 개수')]",3,2,57,0,2,1
680,680,"[('경우의 수', '경우의 수', '경우의 수'), ('방정식과 부등식', '삼차방정식과 사차방정식', '삼차방정식의 근과 계수의 관계')]",3,2,71,0,4,0
681,681,"[('실수와 허수', '복소수', '복소수의 연산'), ('방정식과 부등식', '이차방정식의 판별식', '이차방정식의 판별식')]",3,2,66,0,4,0
682,682,"[('실수와 허수', '복소수', '복소수의 연산')]",3,1,63,0,3,1
683,683,"[('방정식과 부등식', '이차부등식과 연립이차부등식', '이차부등식의 해법')]",3,1,8,0,2,0
684,684,"[('도형의 방정식', '도형의 이동', '대칭이동')]",3,1,55,0,4,0
685,685,"[('도형의 방정식', '원의 방정식', '원의 방정식')]",3,1,22,0,4,1
686,686,"[('실수와 허수', '실수', '실수'), ('다항식', '나머지 정리', '인수정리와 고차식의 인수분해')]",3,2,64,0,2,0
687,687,"[('경우의 수', '경우의 수', '경우의 수')]",3,1,22,0,3,0
688,688,"[('경우의 수', '순열과 조합', '순열')]",3,1,65,0,1,1
689,689,"[('집합과 명제', '집합의 연산법칙', '유한집합의 원소의 개수')]",3,1,6,0,2,1
690,690,"[('집합과 명제', '명제의 증명', '절대부등식의 증명')]",3,1,41,0,1,1
691,691,"[('도형의 방정식', '직선의 방정식', '방정식의 그래프')]",3,1,13,0,4,0
692,692,"[('도형의 방정식', '직선의 방정식', '두 직선의 위치 관계')]",3,1,24,0,1,1
693,693,"[('방정식과 부등식', '최대와 최소', '판별식을 이용하는 최대와 최소')]",3,1,22,0,4,1
694,694,"[('방정식과 부등식', '이차방정식의 근과 계수의 관계', '이차방정식의 근과 계수의 관계')]",3,1,33,0,2,1
695,695,"[('방정식과 부등식', '최대와 최소', '판별식을 이용하는 최대와 최소')]",3,1,21,0,3,1
696,696,"[('실수와 허수', '복소수', '복소수의 연산')]",3,1,54,0,1,0
697,697,"[('함수', '유리함수의 그래프', '유리함수의 그래프')]",3,1,35,0,1,0
698,698,"[('집합과 명제', '명제의 증명', '절대부등식의 증명')]",3,1,17,0,3,1
699,699,"[('경우의 수', '순열과 조합', '조합')]",3,1,28,0,4,0
700,700,"[('실수와 허수', '복소수', '복소수의 연산')]",3,1,47,0,4,1
701,701,"[('함수', '유리함수의 그래프', '유리식')]",3,1,39,0,1,0
702,702,"[('다항식', '나머지 정리', '인수정리와 고차식의 인수분해')]",3,1,60,0,3,0
703,703,"[('함수', '합성함수와 역함수', '역함수')]",3,1,23,0,4,1
704,704,"[('집합과 명제', '명제의 증명', '명제의 증명'), ('함수', '합성함수와 역함수', '합성함수'), ('경우의 수', '순열과 조합', '조합')]",3,3,85,0,3,1
705,705,"[('집합과 명제', '명제의 증명', '절대부등식의 증명')]",3,1,22,0,1,1
706,706,"[('집합과 명제', '집합', '집합과 원소')]",3,1,25,0,3,1
707,707,"[('도형의 방정식', '직선의 방정식', '직선의 방정식'), ('방정식과 부등식', '연립방정식', '공통근'), ('방정식과 부등식', '이차방정식과 이차함수', '포물선과 직선의 위치 관계')]",3,3,57,0,1,1
708,708,"[('방정식과 부등식', '삼차방정식과 사차방정식', '삼차방정식과 사차방정식의 해법')]",3,1,56,0,2,1
709,709,"[('다항식', '나머지 정리', '인수정리와 고차식의 인수분해'), ('방정식과 부등식', '일차, 이차방정식', '일차방정식의 해법'), ('실수와 허수', '복소수', '복소수의 연산')]",3,3,73,0,2,0
710,710,"[('집합과 명제', '명제와 조건', '명제와 조건')]",3,1,17,0,1,1
711,711,"[('도형의 방정식', '평면좌표', '좌표와 자취'), ('실수와 허수', '실수', '실수'), ('함수', '합성함수와 역함수', '역함수')]",3,3,41,0,3,1
712,712,"[('함수', '합성함수와 역함수', '역함수')]",3,1,6,0,3,1
713,713,"[('실수와 허수', '복소수', '복소수의 연산')]",3,1,39,0,1,1
714,714,"[('다항식', '인수분해', '기본 공식의 활용')]",3,1,12,0,2,1
715,715,"[('실수와 허수', '복소수', '복소수의 연산')]",3,1,42,0,2,0
716,716,"[('함수', '다항함수의 그래프', '간단한 삼차함수의 그래프')]",3,1,65,0,2,0
717,717,"[('집합과 명제', '집합', '합집합, 교집합, 여집합, 차집합'), ('도형의 방정식', '원의 방정식', '두 원의 위치 관계')]",3,2,56,0,2,1
718,718,"[('함수', '합성함수와 역함수', '합성함수')]",3,1,10,0,3,0
719,719,"[('실수와 허수', '실수', '실수')]",3,1,19,0,4,1
720,720,"[('방정식과 부등식', '이차방정식의 판별식', '판별식의 활용')]",3,1,57,0,4,0
721,721,"[('함수', '유리함수의 그래프', '유리함수의 그래프')]",3,1,46,0,2,0
722,722,"[('집합과 명제', '집합의 연산법칙', '집합의 연산법칙')]",3,1,33,0,2,1
723,723,"[('도형의 방정식', '도형의 이동', '평행이동'), ('도형의 방정식', '도형의 이동', '평행이동')]",3,2,41,0,1,0
724,724,"[('방정식과 부등식', '일차, 이차방정식', '이차방정식의 해법')]",3,1,62,0,1,1
725,725,"[('함수', '함수', '함수')]",3,1,26,0,2,1
726,726,"[('도형의 방정식', '원의 방정식', '두 원의 위치 관계')]",3,1,50,0,4,0
727,727,"[('도형의 방정식', '도형의 이동', '평행이동')]",3,1,48,0,1,1
728,728,"[('도형의 방정식', '직선의 방정식', '정점을 지나는 직선')]",3,1,35,0,3,1
729,729,"[('함수', '다항함수의 그래프', '절댓값 기호가 있는 방정식의 그래프')]",3,1,25,0,4,1
730,730,"[('경우의 수', '경우의 수', '경우의 수')]",3,1,20,0,1,0
731,731,"[('다항식', '다항식의 연산', '곱셈공식')]",3,1,20,0,1,1
732,732,"[('다항식', '나머지 정리', '인수정리와 고차식의 인수분해'), ('경우의 수', '순열과 조합', '조합'), ('실수와 허수', '복소수', '허수와 복소수')]",3,3,40,0,2,0
733,733,"[('실수와 허수', '복소수', '복소수의 연산')]",3,1,27,0,4,0
734,734,"[('방정식과 부등식', '이차방정식의 판별식', '이차방정식의 판별식'), ('방정식과 부등식', '이차부등식과 연립이차부등식', '연립이차부등식의 해법')]",3,2,32,0,3,1
735,735,"[('다항식', '인수분해', '다항식의 최대공약수와 최소공배수')]",3,1,17,0,3,1
736,736,"[('실수와 허수', '실수', '제곱근, 세제곱근과 그 연산')]",3,1,52,0,3,1
737,737,"[('도형의 방정식', '원의 방정식', '두 원의 위치 관계')]",3,1,14,0,4,1
738,738,"[('방정식과 부등식', '이차방정식의 판별식', '판별식의 활용'), ('방정식과 부등식', '삼차방정식과 사차방정식', '삼차방정식과 사차방정식의 해법')]",3,2,53,0,1,0
739,739,"[('함수', '다항함수의 그래프', '절댓값 기호가 있는 방정식의 그래프')]",3,1,30,0,4,0
740,740,"[('경우의 수', '경우의 수', '경우의 수')]",3,1,48,0,2,1
741,741,"[('방정식과 부등식', '일차부등식과 연립일차부등식', '여러 가지 부등식')]",3,1,49,0,3,1
742,742,"[('도형의 방정식', '직선의 방정식', '자취 문제(직선)')]",3,1,55,0,2,0
743,743,"[('다항식', '인수분해', '다항식의 최대공약수와 최소공배수')]",3,1,37,0,2,1
744,744,"[('집합과 명제', '명제와 조건', '명제와 조건')]",3,1,30,0,2,1
745,745,"[('집합과 명제', '집합', '집합과 원소')]",3,1,25,0,4,1
746,746,"[('실수와 허수', '복소수', '허수와 복소수')]",3,1,22,0,2,1
747,747,"[('경우의 수', '순열과 조합', '조합')]",3,1,48,0,2,1
748,748,"[('도형의 방정식', '도형의 이동', '평행이동')]",3,1,37,0,3,1
749,749,"[('실수와 허수', '복소수', '복소수의 연산')]",3,1,50,0,4,0
750,750,"[('경우의 수', '경우의 수', '경우의 수')]",3,1,27,0,3,1
751,751,"[('함수', '다항함수의 그래프', '절댓값 기호가 있는 방정식의 그래프')]",3,1,54,0,1,1
752,752,"[('경우의 수', '경우의 수', '경우의 수')]",3,1,62,0,4,0
753,753,"[('방정식과 부등식', '이차방정식의 근과 계수의 관계', '이차방정식의 실근의 부호')]",3,1,6,0,2,1
754,754,"[('방정식과 부등식', '일차, 이차방정식', '이차방정식의 해법')]",3,1,18,0,1,1
755,755,"[('경우의 수', '경우의 수', '경우의 수')]",3,1,11,0,3,1
756,756,"[('실수와 허수', '복소수', '허수와 복소수'), ('도형의 방정식', '평면좌표', '선분의 내분점과 외분점')]",3,2,31,0,2,1
757,757,"[('실수와 허수', '복소수', '허수와 복소수')]",3,1,54,0,3,1
758,758,"[('경우의 수', '순열과 조합', '조합')]",3,1,15,0,2,1
759,759,"[('다항식', '다항식의 연산', '곱셈공식')]",3,1,12,0,1,1
760,760,"[('도형의 방정식', '직선의 방정식', '두 직선의 위치 관계')]",3,1,20,0,1,1
761,761,"[('실수와 허수', '실수', '제곱근, 세제곱근과 그 연산')]",3,1,39,0,4,0
762,762,"[('방정식과 부등식', '최대와 최소', '이차함수의 최대와 최소')]",3,1,26,0,3,0
763,763,"[('도형의 방정식', '평면좌표', '좌표와 자취'), ('실수와 허수', '복소수', '복소수의 연산')]",3,2,39,0,3,0
764,764,"[('경우의 수', '경우의 수', '경우의 수')]",3,1,35,0,3,1
765,765,"[('방정식과 부등식', '이차방정식과 이차함수', '포물선과 직선의 위치 관계')]",3,1,27,0,1,1
766,766,"[('도형의 방정식', '직선의 방정식', '점과 직선 사이의 거리')]",3,1,61,0,3,1
767,767,"[('도형의 방정식', '평면좌표', '두 점 사이의 거리'), ('도형의 방정식', '도형의 이동', '평행이동')]",3,2,41,0,1,1
768,768,"[('방정식과 부등식', '삼차방정식과 사차방정식', '삼차방정식의 근과 계수의 관계')]",3,1,10,0,3,1
769,769,"[('실수와 허수', '실수', '실수')]",3,1,10,0,2,1
770,770,"[('집합과 명제', '명제의 증명', '절대부등식의 증명')]",3,1,54,0,3,1
771,771,"[('실수와 허수', '복소수', '복소수의 연산')]",3,1,35,0,2,1
772,772,"[('함수', '다항함수의 그래프', '절댓값 기호가 있는 방정식의 그래프')]",3,1,15,0,2,1
773,773,"[('경우의 수', '순열과 조합', '순열')]",3,1,59,0,2,0
774,774,"[('실수와 허수', '실수', '실수'), ('함수', '유리함수의 그래프', '유리식'), ('경우의 수', '경우의 수', '경우의 수')]",3,3,71,0,1,0
775,775,"[('다항식', '인수분해', '인수분해의 기본 공식')]",3,1,58,0,1,1
776,776,"[('다항식', '인수분해', '기본 공식의 활용')]",3,1,43,0,3,1
777,777,"[('도형의 방정식', '평면좌표', '두 점 사이의 거리')]",3,1,11,0,2,1
778,778,"[('경우의 수', '순열과 조합', '순열')]",3,1,21,0,4,1
779,779,"[('방정식과 부등식', '이차방정식의 근과 계수의 관계', '이차방정식의 근과 계수의 관계'), ('방정식과 부등식', '이차부등식과 연립이차부등식', '연립이차부등식의 해법'), ('함수', '합성함수와 역함수', '역함수')]",3,3,63,0,2,0
780,780,"[('방정식과 부등식', '최대와 최소', '판별식을 이용하는 최대와 최소')]",3,1,44,0,4,1
781,781,"[('함수', '무리함수의 그래프', '무리식'), ('방정식과 부등식', '연립방정식', '연립일차방정식의 해법'), ('방정식과 부등식', '일차부등식과 연립일차부등식', '연립일차부등식의 해법')]",3,3,45,0,1,0
782,782,"[('다항식', '다항식의 연산', '다항식의 덧셈, 뺄셈'), ('방정식과 부등식', '일차부등식과 연립일차부등식', '부등식의 성질과 일차부등식의 해법'), ('실수와 허수', '실수', '정수의 분류')]",3,3,68,0,3,1
783,783,"[('방정식과 부등식', '최대와 최소', '제한된 범위에서의 최대와 최소'), ('집합과 명제', '명제의 증명', '절대부등식의 증명')]",3,2,21,0,1,1
784,784,"[('경우의 수', '경우의 수', '경우의 수')]",3,1,16,0,4,1
785,785,"[('경우의 수', '경우의 수', '경우의 수')]",3,1,30,0,1,1
786,786,"[('실수와 허수', '복소수', '복소수의 연산')]",3,1,35,0,1,1
787,787,"[('경우의 수', '경우의 수', '경우의 수')]",3,1,49,0,4,0
788,788,"[('다항식', '항등식과 미정계수', '항등식의 성질과 미정계수법'), ('다항식', '다항식의 연산', '다항식의 곱셈, 나눗셈'), ('함수', '무리함수의 그래프', '무리식')]",3,3,76,0,1,1
789,789,"[('집합과 명제', '집합', '합집합, 교집합, 여집합, 차집합')]",3,1,33,0,4,0
790,790,"[('경우의 수', '순열과 조합', '순열'), ('집합과 명제', '집합의 연산법칙', '집합의 연산법칙'), ('경우의 수', '경우의 수', '경우의 수')]",3,3,42,0,1,1
791,791,"[('실수와 허수', '실수', '제곱근, 세제곱근과 그 연산')]",3,1,57,0,4,1
792,792,"[('경우의 수', '경우의 수', '경우의 수'), ('실수와 허수', '복소수', '복소수의 연산'), ('실수와 허수', '복소수', '복소수의 연산')]",3,3,47,0,1,1
793,793,"[('도형의 방정식', '직선의 방정식', '방정식의 그래프')]",3,1,48,0,1,1
794,794,"[('방정식과 부등식', '연립방정식', '공통근')]",3,1,31,0,4,1
795,795,"[('경우의 수', '순열과 조합', '조합')]",3,1,40,0,4,1
796,796,"[('다항식', '나머지 정리', '나머지 정리')]",3,1,13,0,3,1
797,797,"[('집합과 명제', '명제와 조건', '충분조건, 필요조건'), ('다항식', '나머지 정리', '나머지 정리'), ('집합과 명제', '집합', '집합과 원소')]",3,3,71,0,3,1
798,798,"[('실수와 허수', '실수', '무리수가 서로 같을 조건')]",3,1,23,0,4,1
799,799,"[('함수', '함수', '함수의 그래프'), ('방정식과 부등식', '일차, 이차방정식', '이차방정식의 해법')]",3,2,69,0,3,1
800,800,"[('실수와 허수', '실수', '실수')]",3,1,27,0,4,1
801,801,"[('도형의 방정식', '도형의 이동', '평행이동'), ('방정식과 부등식', '이차방정식의 근과 계수의 관계', '이차방정식의 실근의 부호'), ('실수와 허수', '실수', '정수의 분류')]",3,3,69,0,2,1
802,802,"[('방정식과 부등식', '이차부등식과 연립이차부등식', '이차부등식의 해법')]",3,1,54,0,2,1
803,803,"[('집합과 명제', '집합의 연산법칙', '집합의 연산법칙')]",3,1,56,0,2,0
804,804,"[('다항식', '나머지 정리', '나머지 정리')]",3,1,29,0,2,1
805,805,"[('경우의 수', '순열과 조합', '순열')]",3,1,56,0,2,0
806,806,"[('집합과 명제', '집합', '집합의 포함 관계')]",3,1,48,0,3,1
807,807,"[('경우의 수', '경우의 수', '경우의 수')]",3,1,48,0,3,1
808,808,"[('함수', '함수', '함수의 그래프')]",3,1,31,0,4,1
809,809,"[('방정식과 부등식', '이차방정식과 이차함수', '이차방정식과 이차함수의 관계'), ('도형의 방정식', '평면좌표', '두 점 사이의 거리'), ('경우의 수', '경우의 수', '경우의 수')]",3,3,52,0,4,1
810,810,"[('집합과 명제', '집합의 연산법칙', '집합의 연산법칙')]",3,1,59,0,1,1
811,811,"[('방정식과 부등식', '일차, 이차방정식', '일차방정식의 해법')]",3,1,7,0,3,1
812,812,"[('경우의 수', '순열과 조합', '조합')]",3,1,39,0,2,1
813,813,"[('실수와 허수', '실수', '정수의 분류')]",3,1,58,0,4,1
814,814,"[('다항식', '인수분해', '다항식의 최대공약수와 최소공배수')]",3,1,8,0,4,1
815,815,"[('함수', '다항함수의 그래프', '이차함수의 그래프')]",3,1,57,0,2,1
816,816,"[('도형의 방정식', '도형의 이동', '대칭이동')]",3,1,60,0,3,0
817,817,"[('실수와 허수', '복소수', '복소수의 연산')]",3,1,35,0,3,1
818,818,"[('집합과 명제', '명제의 증명', '절대부등식의 활용')]",3,1,42,0,2,1
819,819,"[('실수와 허수', '실수', '제곱근, 세제곱근과 그 연산')]",3,1,33,0,2,1
820,820,"[('함수', '합성함수와 역함수', '합성함수')]",3,1,24,0,1,1
821,821,"[('실수와 허수', '실수', '실수'), ('함수', '무리함수의 그래프', '무리함수의 그래프'), ('함수', '무리함수의 그래프', '무리함수의 그래프')]",3,3,79,0,3,1
822,822,"[('도형의 방정식', '도형의 이동', '평행이동'), ('도형의 방정식', '원의 방정식', '두 원의 위치 관계')]",3,2,74,0,1,0
823,823,"[('집합과 명제', '명제의 증명', '명제의 증명'), ('도형의 방정식', '직선의 방정식', '점과 직선 사이의 거리')]",3,2,39,0,4,1
824,824,"[('집합과 명제', '집합의 연산법칙', '유한집합의 원소의 개수')]",3,1,57,0,2,1
825,825,"[('방정식과 부등식', '연립방정식', '공통근')]",3,1,36,0,3,0
826,826,"[('다항식', '인수분해', '인수분해의 기본 공식')]",3,1,5,0,2,0
827,827,"[('도형의 방정식', '원의 방정식', '두 원의 위치 관계')]",3,1,22,0,4,0
828,828,"[('도형의 방정식', '원의 방정식', '자취 문제(원)')]",3,1,46,0,4,0
829,829,"[('도형의 방정식', '원의 방정식', '자취 문제(원)')]",3,1,8,0,3,1
830,830,"[('경우의 수', '순열과 조합', '순열')]",3,1,40,0,3,1
831,831,"[('경우의 수', '경우의 수', '경우의 수')]",3,1,17,0,4,0
832,832,"[('실수와 허수', '실수', '무리수가 서로 같을 조건')]",3,1,14,0,4,1
833,833,"[('함수', '합성함수와 역함수', '합성함수')]",3,1,25,0,1,1
834,834,"[('경우의 수', '경우의 수', '경우의 수')]",3,1,13,0,4,1
835,835,"[('실수와 허수', '복소수', '허수와 복소수')]",3,1,38,0,3,1
836,836,"[('다항식', '다항식의 연산', '곱셈공식'), ('집합과 명제', '집합', '합집합, 교집합, 여집합, 차집합'), ('방정식과 부등식', '이차방정식의 판별식', '판별식의 활용')]",3,3,49,0,1,1
837,837,"[('실수와 허수', '복소수', '허수와 복소수')]",3,1,50,0,3,1
838,838,"[('도형의 방정식', '평면좌표', '선분의 내분점과 외분점')]",3,1,52,0,1,0
839,839,"[('실수와 허수', '복소수', '복소수의 연산')]",3,1,63,0,1,0
840,840,"[('집합과 명제', '집합', '집합과 원소')]",3,1,34,0,4,0
841,841,"[('함수', '다항함수의 그래프', '간단한 삼차함수의 그래프')]",3,1,7,0,2,1
842,842,"[('실수와 허수', '실수', '실수')]",3,1,49,0,3,0
843,843,"[('방정식과 부등식', '최대와 최소', '판별식을 이용하는 최대와 최소')]",3,1,10,0,2,1
844,844,"[('경우의 수', '경우의 수', '경우의 수')]",3,1,9,0,1,1
845,845,"[('도형의 방정식', '도형의 이동', '평행이동')]",3,1,31,0,4,1
846,846,"[('집합과 명제', '명제와 조건', '명제와 조건')]",3,1,12,0,4,1
847,847,"[('방정식과 부등식', '일차부등식과 연립일차부등식', '부등식의 성질과 일차부등식의 해법')]",3,1,56,0,2,1
848,848,"[('집합과 명제', '집합', '집합의 포함 관계')]",3,1,62,0,1,0
849,849,"[('실수와 허수', '복소수', '허수와 복소수')]",3,1,30,0,3,1
850,850,"[('함수', '함수', '함수의 그래프'), ('도형의 방정식', '도형의 이동', '대칭이동')]",3,2,45,0,3,1
851,851,"[('실수와 허수', '실수', '실수')]",3,1,65,0,2,1
852,852,"[('집합과 명제', '집합의 연산법칙', '유한집합의 원소의 개수')]",3,1,46,0,4,1
853,853,"[('집합과 명제', '명제의 증명', '절대부등식의 활용')]",3,1,39,0,3,1
854,854,"[('집합과 명제', '명제와 조건', '명제와 조건'), ('방정식과 부등식', '일차부등식과 연립일차부등식', '부등식의 성질과 일차부등식의 해법')]",3,2,63,0,1,1
855,855,"[('함수', '무리함수의 그래프', '무리식')]",3,1,62,0,4,1
856,856,"[('경우의 수', '경우의 수', '경우의 수'), ('실수와 허수', '실수', '정수의 분류'), ('도형의 방정식', '평면좌표', '두 점 사이의 거리')]",3,3,58,0,2,1
857,857,"[('집합과 명제', '집합의 연산법칙', '집합의 연산법칙')]",3,1,13,0,4,1
858,858,"[('집합과 명제', '집합', '집합의 포함 관계')]",3,1,8,0,1,1
859,859,"[('함수', '무리함수의 그래프', '무리식')]",3,1,32,0,2,1
860,860,"[('집합과 명제', '집합의 연산법칙', '집합의 연산법칙'), ('방정식과 부등식', '연립방정식', '연립일차방정식의 해법')]",3,2,32,0,3,1
861,861,"[('함수', '무리함수의 그래프', '무리함수의 그래프')]",3,1,41,0,2,0
862,862,"[('실수와 허수', '복소수', '허수와 복소수')]",3,1,45,0,4,1
863,863,"[('도형의 방정식', '도형의 이동', '평행이동')]",3,1,36,0,2,1
864,864,"[('집합과 명제', '명제와 조건', '명제의 역과 대우'), ('다항식', '나머지 정리', '인수정리와 고차식의 인수분해'), ('다항식', '나머지 정리', '나머지 정리')]",3,3,77,0,1,1
865,865,"[('집합과 명제', '명제와 조건', '명제의 역과 대우')]",3,1,11,0,2,0
866,866,"[('다항식', '나머지 정리', '인수정리와 고차식의 인수분해')]",3,1,55,0,2,0
867,867,"[('함수', '무리함수의 그래프', '무리함수의 그래프')]",3,1,51,0,2,0
868,868,"[('방정식과 부등식', '이차방정식과 이차함수', '이차방정식의 근의 분리'), ('다항식', '항등식과 미정계수', '다항식의 나눗셈과 항등식'), ('경우의 수', '순열과 조합', '순열')]",3,3,46,0,1,0
869,869,"[('집합과 명제', '명제와 조건', '명제와 조건'), ('실수와 허수', '실수', '제곱근, 세제곱근과 그 연산')]",3,2,48,0,1,1
870,870,"[('방정식과 부등식', '삼차방정식과 사차방정식', '삼차방정식과 사차방정식의 해법'), ('경우의 수', '경우의 수', '경우의 수')]",3,2,25,0,2,1
871,871,"[('함수', '합성함수와 역함수', '합성함수')]",3,1,58,0,4,0
872,872,"[('다항식', '항등식과 미정계수', '다항식의 나눗셈과 항등식')]",3,1,42,0,4,0
873,873,"[('경우의 수', '순열과 조합', '조합')]",3,1,27,0,1,0
874,874,"[('실수와 허수', '복소수', '복소수의 연산')]",3,1,61,0,4,1
875,875,"[('경우의 수', '순열과 조합', '조합')]",3,1,32,0,1,0
876,876,"[('다항식', '나머지 정리', '인수정리와 고차식의 인수분해')]",3,1,13,0,2,1
877,877,"[('경우의 수', '순열과 조합', '순열')]",3,1,57,0,4,0
878,878,"[('경우의 수', '경우의 수', '경우의 수')]",3,1,35,0,4,1
879,879,"[('실수와 허수', '실수', '무리수가 서로 같을 조건')]",3,1,33,0,2,1
880,880,"[('도형의 방정식', '평면좌표', '두 점 사이의 거리')]",3,1,35,0,1,0
881,881,"[('다항식', '항등식과 미정계수', '다항식의 나눗셈과 항등식')]",3,1,8,0,3,1
882,882,"[('방정식과 부등식', '이차방정식과 이차함수', '이차방정식의 근의 분리')]",3,1,7,0,3,1
883,883,"[('실수와 허수', '복소수', '복소수의 연산')]",3,1,58,0,2,1
884,884,"[('방정식과 부등식', '이차방정식의 판별식', '이차방정식의 판별식')]",3,1,35,0,3,0
885,885,"[('경우의 수', '경우의 수', '경우의 수')]",3,1,58,0,3,1
886,886,"[('실수와 허수', '실수', '정수의 분류'), ('방정식과 부등식', '삼차방정식과 사차방정식', '삼차방정식과 사차방정식의 해법'), ('집합과 명제', '명제의 증명', '명제의 증명')]",3,3,68,0,2,0
887,887,"[('경우의 수', '경우의 수', '경우의 수')]",3,1,34,0,1,0
888,888,"[('집합과 명제', '집합의 연산법칙', '집합의 연산법칙')]",3,1,24,0,2,1
889,889,"[('실수와 허수', '실수', '제곱근, 세제곱근과 그 연산')]",3,1,14,0,1,1
890,890,"[('도형의 방정식', '원의 방정식', '자취 문제(원)')]",3,1,12,0,4,0
891,891,"[('다항식', '인수분해', '기본 공식의 활용')]",3,1,18,0,1,1
892,892,"[('다항식', '항등식과 미정계수', '항등식의 성질과 미정계수법')]",3,1,65,0,4,0
893,893,"[('도형의 방정식', '도형의 이동', '평행이동')]",3,1,28,0,2,1
894,894,"[('경우의 수', '순열과 조합', '순열'), ('방정식과 부등식', '이차방정식과 이차함수', '이차방정식과 이차함수의 관계'), ('다항식', '다항식의 연산', '곱셈공식')]",3,3,44,0,2,0
895,895,"[('경우의 수', '순열과 조합', '조합')]",3,1,17,0,3,1
896,896,"[('집합과 명제', '집합의 연산법칙', '집합의 연산법칙')]",3,1,9,0,1,1
897,897,"[('함수', '무리함수의 그래프', '무리식'), ('방정식과 부등식', '이차방정식의 근과 계수의 관계', '이차방정식의 근과 계수의 관계'), ('다항식', '인수분해', '다항식의 최대공약수와 최소공배수')]",3,3,49,0,3,1
898,898,"[('집합과 명제', '명제와 조건', '충분조건, 필요조건'), ('함수', '다항함수의 그래프', '절댓값 기호가 있는 방정식의 그래프'), ('도형의 방정식', '도형의 이동', '평행이동')]",3,3,62,0,1,0
899,899,"[('도형의 방정식', '원의 방정식', '두 원의 위치 관계')]",3,1,18,0,2,1
900,900,"[('경우의 수', '순열과 조합', '조합')]",3,1,5,0,3,1
901,901,"[('다항식', '나머지 정리', '인수정리와 고차식의 인수분해')]",3,1,45,0,3,1
902,902,"[('방정식과 부등식', '이차방정식의 근과 계수의 관계', '이차방정식의 실근의 부호')]",3,1,60,0,2,1
903,903,"[('실수와 허수', '복소수', '복소수의 연산')]",3,1,52,0,3,0
904,904,"[('실수와 허수', '복소수', '복소수의 연산')]",3,1,32,0,2,1
905,905,"[('함수', '무리함수의 그래프', '무리함수의 그래프')]",3,1,54,0,4,0
906,906,"[('도형의 방정식', '원의 방정식', '원과 직선의 위치 관계')]",3,1,59,0,4,1
907,907,"[('도형의 방정식', '도형의 이동', '평행이동')]",3,1,7,0,2,0
908,908,"[('도형의 방정식', '도형의 이동', '평행이동')]",3,1,22,0,1,1
909,909,"[('방정식과 부등식', '이차방정식과 이차함수', '포물선과 직선의 위치 관계')]",3,1,55,0,1,1
910,910,"[('실수와 허수', '실수', '정수의 분류')]",3,1,10,0,2,0
911,911,"[('실수와 허수', '실수', '실수')]",3,1,51,0,4,1
912,912,"[('집합과 명제', '명제와 조건', '명제의 역과 대우')]",3,1,54,0,3,0
913,913,"[('방정식과 부등식', '일차, 이차방정식', '일차방정식의 해법')]",3,1,46,0,3,1
914,914,"[('실수와 허수', '복소수', '허수와 복소수'), ('방정식과 부등식', '최대와 최소', '이차함수의 최대와 최소')]",3,2,65,0,4,1
915,915,"[('경우의 수', '경우의 수', '경우의 수')]",3,1,42,0,3,1
916,916,"[('다항식', '나머지 정리', '나머지 정리')]",3,1,30,0,3,1
917,917,"[('다항식', '나머지 정리', '나머지 정리')]",3,1,51,0,1,0
918,918,"[('실수와 허수', '복소수', '복소수의 연산')]",3,1,6,0,1,1
919,919,"[('도형의 방정식', '원의 방정식', '자취 문제(원)')]",3,1,7,0,3,1
920,920,"[('함수', '합성함수와 역함수', '역함수')]",3,1,22,0,2,1
921,921,"[('도형의 방정식', '도형의 이동', '평행이동')]",3,1,35,0,3,1
922,922,"[('경우의 수', '순열과 조합', '조합')]",3,1,46,0,1,1
923,923,"[('집합과 명제', '집합', '집합의 포함 관계')]",3,1,17,0,1,1
924,924,"[('집합과 명제', '집합', '집합의 포함 관계')]",3,1,55,0,4,1
925,925,"[('실수와 허수', '실수', '정수의 분류')]",3,1,14,0,2,1
926,926,"[('함수', '유리함수의 그래프', '유리식')]",3,1,58,0,4,0
927,927,"[('도형의 방정식', '도형의 이동', '대칭이동'), ('방정식과 부등식', '최대와 최소', '이차함수의 최대와 최소')]",3,2,69,0,3,0
928,928,"[('다항식', '나머지 정리', '나머지 정리')]",3,1,53,0,4,1
929,929,"[('경우의 수', '순열과 조합', '순열')]",3,1,42,0,3,1
930,930,"[('방정식과 부등식', '연립방정식', '부정방정식')]",3,1,31,0,4,1
931,931,"[('집합과 명제', '명제와 조건', '명제의 역과 대우')]",3,1,8,0,4,1
932,932,"[('다항식', '인수분해', '인수분해의 기본 공식')]",3,1,28,0,4,1
933,933,"[('실수와 허수', '복소수', '복소수의 연산'), ('방정식과 부등식', '이차부등식과 연립이차부등식', '이차부등식의 해법')]",3,2,69,0,1,1
934,934,"[('경우의 수', '순열과 조합', '조합')]",3,1,13,0,1,1
935,935,"[('방정식과 부등식', '이차방정식의 판별식', '이차방정식의 판별식'), ('다항식', '다항식의 연산', '다항식의 정리'), ('경우의 수', '경우의 수', '경우의 수')]",3,3,80,0,4,0
936,936,"[('함수', '다항함수의 그래프', '일차함수의 그래프')]",3,1,30,0,2,1
937,937,"[('도형의 방정식', '원의 방정식', '원과 직선의 위치 관계')]",3,1,59,0,3,1
938,938,"[('도형의 방정식', '도형의 이동', '대칭이동')]",3,1,48,0,2,0
939,939,"[('함수', '함수', '일대일대응')]",3,1,8,0,4,1
940,940,"[('함수', '유리함수의 그래프', '유리식')]",3,1,19,0,4,1
941,941,"[('집합과 명제', '집합', '합집합, 교집합, 여집합, 차집합')]",3,1,26,0,1,1
942,942,"[('함수', '함수', '일대일대응'), ('다항식', '나머지 정리', '인수정리와 고차식의 인수분해')]",3,2,29,0,4,1
943,943,"[('실수와 허수', '실수', '실수')]",3,1,64,0,2,1
944,944,"[('함수', '무리함수의 그래프', '무리함수의 그래프')]",3,1,15,0,2,0
945,945,"[('실수와 허수', '실수', '정수의 분류')]",3,1,35,0,1,0
946,946,"[('집합과 명제', '집합의 연산법칙', '유한집합의 원소의 개수')]",3,1,43,0,4,1
947,947,"[('함수', '함수', '함수')]",3,1,52,0,4,1
948,948,"[('집합과 명제', '명제와 조건', '명제와 조건'), ('경우의 수', '경우의 수', '경우의 수'), ('방정식과 부등식', '이차방정식의 판별식', '이차방정식의 판별식')]",3,3,41,0,2,1
949,949,"[('도형의 방정식', '직선의 방정식', '점과 직선 사이의 거리')]",3,1,43,0,4,0
950,950,"[('다항식', '항등식과 미정계수', '다항식의 나눗셈과 항등식')]",3,1,38,0,3,0
951,951,"[('방정식과 부등식', '이차부등식과 연립이차부등식', '연립이차부등식의 해법')]",3,1,14,0,4,1
952,952,"[('함수', '함수', '일대일대응')]",3,1,9,0,1,1
953,953,"[('다항식', '항등식과 미정계수', '항등식의 성질과 미정계수법'), ('도형의 방정식', '도형의 이동', '대칭이동')]",3,2,49,0,1,1
954,954,"[('방정식과 부등식', '이차방정식의 근과 계수의 관계', '이차방정식의 실근의 부호')]",3,1,47,0,1,0
955,955,"[('도형의 방정식', '원의 방정식', '자취 문제(원)')]",3,1,27,0,4,0
956,956,"[('다항식', '항등식과 미정계수', '항등식의 성질과 미정계수법')]",3,1,40,0,3,1
957,957,"[('경우의 수', '순열과 조합', '조합')]",3,1,32,0,1,1
958,958,"[('경우의 수', '순열과 조합', '순열')]",3,1,49,0,1,0
959,959,"[('경우의 수', '경우의 수', '경우의 수')]",3,1,16,0,4,0
960,960,"[('다항식', '나머지 정리', '나머지 정리')]",3,1,30,0,2,1
961,961,"[('함수', '함수', '일대일대응'), ('다항식', '인수분해', '다항식의 최대공약수와 최소공배수'), ('다항식', '항등식과 미정계수', '항등식의 성질과 미정계수법')]",3,3,57,0,4,1
962,962,"[('함수', '유리함수의 그래프', '유리함수의 그래프'), ('집합과 명제', '집합의 연산법칙', '집합의 연산법칙'), ('다항식', '나머지 정리', '나머지 정리')]",3,3,60,0,2,0
963,963,"[('방정식과 부등식', '일차, 이차방정식', '일차방정식의 해법')]",3,1,40,0,3,0
964,964,"[('다항식', '인수분해', '기본 공식의 활용')]",3,1,21,0,1,0
965,965,"[('다항식', '인수분해', '기본 공식의 활용')]",3,1,16,0,1,1
966,966,"[('다항식', '항등식과 미정계수', '항등식의 성질과 미정계수법'), ('함수', '함수', '함수의 그래프'), ('방정식과 부등식', '삼차방정식과 사차방정식', '삼차방정식의 근과 계수의 관계')]",3,3,61,0,1,1
967,967,"[('집합과 명제', '집합', '합집합, 교집합, 여집합, 차집합')]",3,1,59,0,4,0
968,968,"[('경우의 수', '경우의 수', '경우의 수')]",3,1,5,0,3,0
969,969,"[('실수와 허수', '실수', '제곱근, 세제곱근과 그 연산')]",3,1,57,0,4,1
970,970,"[('다항식', '인수분해', '다항식의 최대공약수와 최소공배수'), ('실수와 허수', '복소수', '허수와 복소수')]",3,2,43,0,1,1
971,971,"[('실수와 허수', '실수', '제곱근, 세제곱근과 그 연산')]",3,1,37,0,2,1
972,972,"[('실수와 허수', '실수', '무리수가 서로 같을 조건')]",3,1,35,0,3,1
973,973,"[('방정식과 부등식', '이차방정식의 근과 계수의 관계', '이차방정식의 실근의 부호')]",3,1,6,0,4,1
974,974,"[('방정식과 부등식', '이차부등식과 연립이차부등식', '이차부등식의 해법')]",3,1,28,0,1,1
975,975,"[('집합과 명제', '집합', '합집합, 교집합, 여집합, 차집합')]",3,1,32,0,2,0
976,976,"[('함수', '함수', '함수')]",3,1,35,0,3,0
977,977,"[('집합과 명제', '집합', '합집합, 교집합, 여집합, 차집합')]",3,1,15,0,3,1
978,978,"[('함수', '다항함수의 그래프', '이차함수의 그래프')]",3,1,6,0,3,1
979,979,"[('도형의 방정식', '원의 방정식', '원과 직선의 위치 관계')]",3,1,52,0,1,0
980,980,"[('도형의 방정식', '직선의 방정식', '직선의 방정식')]",3,1,28,0,3,0
981,981,"[('경우의 수', '순열과 조합', '순열')]",3,1,34,0,2,1
982,982,"[('집합과 명제', '명제와 조건', '충분조건, 필요조건')]",3,1,19,0,1,1
983,983,"[('방정식과 부등식', '이차방정식과 이차함수', '이차방정식의 근의 분리')]",3,1,45,0,1,0
984,984,"[('방정식과 부등식', '이차방정식의 판별식', '이차방정식의 판별식')]",3,1,5,0,4,1
985,985,"[('집합과 명제', '집합의 연산법칙', '집합의 연산법칙')]",3,1,18,0,3,1
986,986,"[('경우의 수', '경우의 수', '경우의 수')]",3,1,50,0,4,0
987,987,"[('다항식', '항등식과 미정계수', '다항식의 나눗셈과 항등식')]",3,1,42,0,1,1
988,988,"[('함수', '함수', '일대일대응')]",3,1,32,0,1,1
989,989,"[('함수', '합성함수와 역함수', '역함수')]",3,1,8,0,3,1
990,990,"[('집합과 명제', '명제의 증명', '절대부등식의 활용')]",3,1,24,0,2,1
991,991,"[('함수', '유리함수의 그래프', '유리함수의 그래프')]",3,1,26,0,2,1
992,992,"[('방정식과 부등식', '이차방정식과 이차함수', '포물선과 직선의 위치 관계')]",3,1,34,0,3,1
993,993,"[('다항식', '항등식과 미정계수', '항등식의 성질과 미정계수법'), ('다항식', '항등식과 미정계수', '항등식의 성질과 미정계수법')]",3,2,47,0,1,0
994,994,"[('도형의 방정식', '원의 방정식', '원과 직선의 위치 관계')]",3,1,57,0,1,0
995,995,"[('방정식과 부등식', '일차부등식과 연립일차부등식', '여러 가지 부등식')]",3,1,28,0,3,1
996,996,"[('함수', '무리함수의 그래프', '무리식')]",3,1,45,0,2,0
997,997,"[('방정식과 부등식', '일차, 이차방정식', '일차방정식의 해법')]",3,1,25,0,1,0
998,998,"[('다항식', '항등식과 미정계수', '다항식의 나눗셈과 항등식')]",3,1,25,0,1,1
999,999,"[('다항식', '나머지 정리', '인수정리와 고차식의 인수분해'), ('방정식과 부등식', '삼차방정식과 사차방정식', '삼차방정식과 사차방정식의 해법'), ('경우의 수', '순열과 조합', '조합')]",3,3,51,0,1,0
